ID,UV,VJ,GalaxyType
13592,1.7205265243141454,1.4488824964369478,2.0
15181,1.246358171078299,1.3836814426302873,2.0
26789,0.8356503564185722,0.42800402163036466,1.0
