ID,UV,VJ,GalaxyType
13592,1.72052646554949,1.4488825552016031,2.0
15181,1.2463581041319571,1.383681509576629,2.0
26789,0.8356502819069682,0.42800409614196866,1.0
