ID,UV,VJ,GalaxyType
13592,1.560917312294439,1.4623154802087406,2.0
15181,1.1190995602445462,1.395627244815369,2.0
26789,0.7436496103455497,0.43053206231468266,1.0
