ID,UV,VJ,GalaxyType
13592,1.560917312294439,1.4668456838082484,2.0
15181,1.1190995602445462,1.399373753713153,2.0
26789,0.7436496103455497,0.43210210781849057,1.0
