ID,UV,VJ,GalaxyType
13592,1.72052646554949,1.4488825552016031,2.0
15181,,,
26789,,,
