ID,fracAGN
CDFS_5746,0.3
CDFS_5928,0.2
CDFS_5972,0.1
CDFS_6179,0.0
CDFS_6237,0.0
CDFS_6264,0.4
CDFS_6272,0.1
CDFS_6276,0.1
CDFS_6302,0.0
CDFS_6328,0.1
CDFS_6329,0.01
CDFS_6344,0.2
CDFS_6365,0.1
CDFS_6377,0.0
CDFS_6378,0.1
CDFS_6426,0.0
CDFS_6459,0.3
CDFS_6479,0.0
CDFS_6485,0.1
CDFS_6533,0.01
CDFS_6550,0.1
CDFS_6579,0.0
CDFS_6642,0.01
CDFS_6681,0.0
CDFS_6700,0.2
CDFS_6707,0.01
CDFS_6776,0.0
CDFS_6798,0.4
CDFS_6815,0.2
CDFS_6828,0.0
CDFS_6848,0.0
CDFS_6858,0.2
CDFS_6865,0.0
CDFS_6868,0.1
CDFS_6888,0.0
CDFS_6964,0.6
CDFS_6975,0.0
CDFS_6982,0.1
CDFS_6988,0.1
CDFS_6997,0.0
CDFS_7003,0.0
CDFS_7035,0.4
CDFS_7089,0.4
CDFS_7107,0.2
CDFS_7120,0.2
CDFS_7259,0.3
CDFS_7264,0.3
CDFS_7267,0.2
CDFS_7269,0.7
CDFS_7285,0.0
CDFS_7300,0.0
CDFS_7313,0.0
CDFS_7351,0.01
CDFS_7372,0.0
CDFS_7390,0.2
CDFS_7440,0.0
CDFS_7451,0.0
CDFS_7452,0.0
CDFS_7457,0.2
CDFS_7484,0.3
CDFS_7520,0.6
CDFS_7521,0.0
CDFS_7532,0.0
CDFS_7544,0.0
CDFS_7571,0.0
CDFS_7627,0.3
CDFS_7643,0.3
CDFS_7649,0.01
CDFS_7659,0.2
CDFS_7663,0.01
CDFS_7676,0.0
CDFS_7690,0.01
CDFS_7719,0.1
CDFS_7729,0.0
CDFS_7733,0.01
CDFS_7763,0.0
CDFS_7765,0.0
CDFS_7770,0.0
CDFS_7794,0.0
CDFS_7823,0.4
CDFS_7829,0.1
CDFS_7830,0.0
CDFS_7842,0.3
CDFS_7880,0.6
CDFS_7890,0.2
CDFS_7895,0.0
CDFS_7926,0.1
CDFS_7938,0.1
CDFS_7952,0.3
CDFS_7999,0.0
CDFS_8000,0.3
CDFS_8004,0.01
CDFS_8007,0.01
CDFS_8011,0.0
CDFS_8014,0.0
CDFS_8015,0.01
CDFS_8032,0.0
CDFS_8037,0.01
CDFS_8046,0.01
CDFS_8053,0.0
CDFS_8073,0.1
CDFS_8088,0.2
CDFS_8098,0.2
CDFS_8122,0.01
CDFS_8133,0.0
CDFS_8142,0.0
CDFS_8189,0.1
CDFS_8200,0.6
CDFS_8214,0.0
CDFS_8228,0.4
CDFS_8232,0.0
CDFS_8240,0.01
CDFS_8245,0.0
CDFS_8265,0.1
CDFS_8271,0.0
CDFS_8289,0.0
CDFS_8320,0.01
CDFS_8328,0.0
CDFS_8334,0.6
CDFS_8335,0.0
CDFS_8345,0.0
CDFS_8355,0.9
CDFS_8385,0.1
CDFS_8387,0.5
CDFS_8392,0.0
CDFS_8408,0.3
CDFS_8431,0.4
CDFS_8467,0.0
CDFS_8470,0.0
CDFS_8474,0.3
CDFS_8480,0.0
CDFS_8485,0.5
CDFS_8489,0.1
CDFS_8494,0.2
CDFS_8533,0.1
CDFS_8543,0.4
CDFS_8547,0.01
CDFS_8559,0.0
CDFS_8560,0.2
CDFS_8564,0.01
CDFS_8569,0.0
CDFS_8579,0.1
CDFS_8588,0.1
CDFS_8603,0.0
CDFS_8612,0.2
CDFS_8613,0.0
CDFS_8622,0.1
CDFS_8624,0.0
CDFS_8665,0.0
CDFS_8679,0.0
CDFS_8681,0.0
CDFS_8684,0.1
CDFS_8691,0.0
CDFS_8705,0.0
CDFS_8721,0.2
CDFS_8722,0.1
CDFS_8724,0.2
CDFS_8732,0.0
CDFS_8735,0.0
CDFS_8762,0.0
CDFS_8765,0.0
CDFS_8776,0.01
CDFS_8779,0.4
CDFS_8782,0.0
CDFS_8789,0.5
CDFS_8799,0.0
CDFS_8804,0.0
CDFS_8837,0.4
CDFS_8847,0.0
CDFS_8876,0.4
CDFS_8924,0.0
CDFS_8937,0.0
CDFS_8945,0.5
CDFS_8947,0.0
CDFS_8949,0.0
CDFS_8953,0.1
CDFS_8954,0.0
CDFS_8966,0.3
CDFS_8968,0.01
CDFS_8980,0.0
CDFS_8991,0.7
CDFS_8995,0.01
CDFS_9001,0.2
CDFS_9009,0.0
CDFS_9011,0.0
CDFS_9022,0.0
CDFS_9035,0.1
CDFS_9042,0.0
CDFS_9063,0.6
CDFS_9067,0.4
CDFS_9073,0.5
CDFS_9085,0.01
CDFS_9111,0.0
CDFS_9122,0.0
CDFS_9124,0.01
CDFS_9127,0.01
CDFS_9131,0.0
CDFS_9175,0.0
CDFS_9183,0.0
CDFS_9192,0.01
CDFS_9199,0.0
CDFS_9217,0.01
CDFS_9229,0.0
CDFS_9247,0.0
CDFS_9248,0.2
CDFS_9275,0.2
CDFS_9276,0.0
CDFS_9289,0.1
CDFS_9302,0.0
CDFS_9310,0.0
CDFS_9315,0.3
CDFS_9329,0.0
CDFS_9340,0.1
CDFS_9347,0.0
CDFS_9370,0.1
CDFS_9378,0.0
CDFS_9395,0.0
CDFS_9428,0.1
CDFS_9433,0.0
CDFS_9501,0.0
CDFS_9510,0.01
CDFS_9511,0.2
CDFS_9513,0.0
CDFS_9523,0.1
CDFS_9527,0.0
CDFS_9532,0.0
CDFS_9539,0.4
CDFS_9540,0.0
CDFS_9553,0.0
CDFS_9564,0.0
CDFS_9567,0.6
CDFS_9568,0.0
CDFS_9574,0.4
CDFS_9575,0.0
CDFS_9578,0.0
CDFS_9579,0.0
CDFS_9581,0.0
CDFS_9583,0.3
CDFS_9590,0.1
CDFS_9612,0.8
CDFS_9620,0.6
CDFS_9629,0.0
CDFS_9664,0.4
CDFS_9671,0.0
CDFS_9673,0.6
CDFS_9708,0.0
CDFS_9730,0.1
CDFS_9732,0.01
CDFS_9733,0.0
CDFS_9736,0.3
CDFS_9755,0.6
CDFS_9761,0.0
CDFS_9768,0.1
CDFS_9772,0.0
CDFS_9808,0.1
CDFS_9824,0.0
CDFS_9836,0.3
CDFS_9840,0.01
CDFS_9846,0.0
CDFS_9859,0.3
CDFS_9869,0.0
CDFS_9874,0.2
CDFS_9878,0.0
CDFS_9889,0.0
CDFS_9890,0.0
CDFS_9893,0.8
CDFS_9894,0.6
CDFS_9902,0.5
CDFS_9904,0.1
CDFS_9915,0.0
CDFS_9929,0.0
CDFS_9936,0.5
CDFS_9939,0.3
CDFS_9945,0.0
CDFS_9946,0.0
CDFS_9947,0.1
CDFS_9957,0.0
CDFS_9964,0.0
CDFS_9966,0.01
CDFS_9969,0.0
CDFS_9974,0.0
CDFS_9975,0.6
CDFS_9983,0.6
CDFS_9994,0.2
CDFS_10005,0.0
CDFS_10011,0.0
CDFS_10028,0.01
CDFS_10029,0.0
CDFS_10032,0.2
CDFS_10039,0.1
CDFS_10042,0.0
CDFS_10044,0.1
CDFS_10051,0.5
CDFS_10065,0.1
CDFS_10088,0.0
CDFS_10094,0.0
CDFS_10105,0.01
CDFS_10113,0.0
CDFS_10114,0.01
CDFS_10115,0.0
CDFS_10116,0.1
CDFS_10119,0.0
CDFS_10126,0.0
CDFS_10131,0.5
CDFS_10136,0.0
CDFS_10138,0.0
CDFS_10139,0.0
CDFS_10141,0.01
CDFS_10142,0.0
CDFS_10153,0.0
CDFS_10162,0.0
CDFS_10163,0.2
CDFS_10169,0.0
CDFS_10173,0.6
CDFS_10209,0.1
CDFS_10212,0.4
CDFS_10216,0.01
CDFS_10220,0.1
CDFS_10223,0.0
CDFS_10236,0.0
CDFS_10252,0.3
CDFS_10256,0.0
CDFS_10259,0.0
CDFS_10263,0.0
CDFS_10283,0.0
CDFS_10286,0.0
CDFS_10291,0.1
CDFS_10293,0.01
CDFS_10295,0.8
CDFS_10303,0.0
CDFS_10311,0.0
CDFS_10315,0.0
CDFS_10317,0.01
CDFS_10322,0.3
CDFS_10327,0.0
CDFS_10328,0.0
CDFS_10330,0.3
CDFS_10339,0.0
CDFS_10340,0.2
CDFS_10342,0.2
CDFS_10355,0.5
CDFS_10356,0.5
CDFS_10360,0.0
CDFS_10371,0.1
CDFS_10374,0.0
CDFS_10394,0.0
CDFS_10409,0.0
CDFS_10412,0.5
CDFS_10417,0.0
CDFS_10432,0.0
CDFS_10437,0.0
CDFS_10441,0.01
CDFS_10451,0.0
CDFS_10453,0.0
CDFS_10468,0.0
CDFS_10475,0.2
CDFS_10477,0.2
CDFS_10478,0.01
CDFS_10488,0.1
CDFS_10502,0.2
CDFS_10503,0.6
CDFS_10511,0.2
CDFS_10520,0.2
CDFS_10521,0.3
CDFS_10524,0.0
CDFS_10532,0.0
CDFS_10535,0.01
CDFS_10538,0.01
CDFS_10553,0.2
CDFS_10559,0.01
CDFS_10580,0.4
CDFS_10589,0.01
CDFS_10591,0.0
CDFS_10593,0.0
CDFS_10594,0.0
CDFS_10596,0.01
CDFS_10603,0.0
CDFS_10608,0.5
CDFS_10610,0.0
CDFS_10612,0.0
CDFS_10615,0.0
CDFS_10619,0.2
CDFS_10629,0.0
CDFS_10639,0.0
CDFS_10641,0.3
CDFS_10642,0.0
CDFS_10644,0.01
CDFS_10647,0.2
CDFS_10652,0.2
CDFS_10675,0.0
CDFS_10680,0.0
CDFS_10683,0.3
CDFS_10694,0.4
CDFS_10696,0.0
CDFS_10697,0.0
CDFS_10698,0.3
CDFS_10701,0.01
CDFS_10702,0.6
CDFS_10707,0.0
CDFS_10717,0.0
CDFS_10729,0.0
CDFS_10744,0.3
CDFS_10749,0.2
CDFS_10754,0.01
CDFS_10757,0.0
CDFS_10759,0.0
CDFS_10771,0.8
CDFS_10773,0.1
CDFS_10777,0.5
CDFS_10782,0.0
CDFS_10784,0.0
CDFS_10787,0.1
CDFS_10790,0.01
CDFS_10798,0.0
CDFS_10805,0.2
CDFS_10811,0.1
CDFS_10817,0.0
CDFS_10827,0.0
CDFS_10836,0.0
CDFS_10837,0.0
CDFS_10842,0.0
CDFS_10855,0.3
CDFS_10857,0.0
CDFS_10864,0.0
CDFS_10865,0.0
CDFS_10872,0.0
CDFS_10875,0.01
CDFS_10883,0.01
CDFS_10889,0.1
CDFS_10892,0.2
CDFS_10897,0.1
CDFS_10912,0.01
CDFS_10914,0.1
CDFS_10918,0.0
CDFS_10919,0.1
CDFS_10925,0.0
CDFS_10928,0.0
CDFS_10941,0.2
CDFS_10950,0.0
CDFS_10954,0.1
CDFS_10960,0.01
CDFS_10970,0.4
CDFS_10976,0.1
CDFS_10979,0.0
CDFS_10983,0.1
CDFS_11005,0.5
CDFS_11008,0.0
CDFS_11009,0.0
CDFS_11011,0.01
CDFS_11017,0.0
CDFS_11020,0.0
CDFS_11026,0.2
CDFS_11027,0.0
CDFS_11032,0.01
CDFS_11039,0.0
CDFS_11041,0.0
CDFS_11044,0.6
CDFS_11047,0.3
CDFS_11051,0.2
CDFS_11060,0.4
CDFS_11062,0.01
CDFS_11099,0.0
CDFS_11108,0.0
CDFS_11110,0.0
CDFS_11116,0.0
CDFS_11118,0.2
CDFS_11119,0.01
CDFS_11120,0.1
CDFS_11146,0.0
CDFS_11148,0.0
CDFS_11150,0.1
CDFS_11166,0.01
CDFS_11174,0.3
CDFS_11175,0.6
CDFS_11178,0.0
CDFS_11183,0.8
CDFS_11184,0.01
CDFS_11185,0.0
CDFS_11186,0.0
CDFS_11187,0.0
CDFS_11192,0.0
CDFS_11196,0.0
CDFS_11209,0.8
CDFS_11215,0.0
CDFS_11235,0.0
CDFS_11238,0.0
CDFS_11257,0.1
CDFS_11258,0.4
CDFS_11262,0.5
CDFS_11267,0.01
CDFS_11268,0.01
CDFS_11276,0.0
CDFS_11279,0.0
CDFS_11289,0.4
CDFS_11305,0.1
CDFS_11315,0.1
CDFS_11339,0.1
CDFS_11360,0.1
CDFS_11361,0.01
CDFS_11366,0.6
CDFS_11373,0.0
CDFS_11378,0.5
CDFS_11384,0.0
CDFS_11392,0.0
CDFS_11397,0.7
CDFS_11409,0.6
CDFS_11411,0.0
CDFS_11417,0.01
CDFS_11424,0.0
CDFS_11426,0.01
CDFS_11434,0.0
CDFS_11435,0.1
CDFS_11438,0.1
CDFS_11445,0.0
CDFS_11466,0.3
CDFS_11467,0.0
CDFS_11469,0.1
CDFS_11478,0.0
CDFS_11479,0.0
CDFS_11480,0.01
CDFS_11498,0.0
CDFS_11499,0.0
CDFS_11500,0.8
CDFS_11506,0.0
CDFS_11510,0.0
CDFS_11513,0.0
CDFS_11517,0.01
CDFS_11529,0.5
CDFS_11537,0.0
CDFS_11551,0.0
CDFS_11561,0.1
CDFS_11562,0.0
CDFS_11563,0.0
CDFS_11570,0.0
CDFS_11574,0.1
CDFS_11576,0.0
CDFS_11577,0.1
CDFS_11581,0.0
CDFS_11582,0.0
CDFS_11583,0.01
CDFS_11587,0.0
CDFS_11589,0.0
CDFS_11591,0.1
CDFS_11592,0.0
CDFS_11593,0.0
CDFS_11597,0.01
CDFS_11598,0.0
CDFS_11603,0.2
CDFS_11629,0.0
CDFS_11630,0.3
CDFS_11635,0.0
CDFS_11639,0.3
CDFS_11640,0.0
CDFS_11646,0.2
CDFS_11649,0.0
CDFS_11672,0.7
CDFS_11675,0.2
CDFS_11680,0.0
CDFS_11683,0.0
CDFS_11685,0.0
CDFS_11686,0.0
CDFS_11690,0.0
CDFS_11702,0.0
CDFS_11706,0.1
CDFS_11707,0.1
CDFS_11713,0.01
CDFS_11726,0.1
CDFS_11735,0.0
CDFS_11736,0.0
CDFS_11739,0.0
CDFS_11741,0.0
CDFS_11742,0.4
CDFS_11750,0.1
CDFS_11758,0.2
CDFS_11761,0.0
CDFS_11776,0.1
CDFS_11798,0.2
CDFS_11802,0.3
CDFS_11803,0.01
CDFS_11808,0.2
CDFS_11814,0.01
CDFS_11815,0.3
CDFS_11821,0.0
CDFS_11826,0.1
CDFS_11827,0.01
CDFS_11835,0.0
CDFS_11837,0.01
CDFS_11838,0.0
CDFS_11841,0.0
CDFS_11843,0.0
CDFS_11844,0.5
CDFS_11847,0.01
CDFS_11848,0.1
CDFS_11849,0.01
CDFS_11855,0.1
CDFS_11858,0.0
CDFS_11862,0.2
CDFS_11871,0.7
CDFS_11874,0.0
CDFS_11886,0.0
CDFS_11892,0.0
CDFS_11895,0.0
CDFS_11905,0.2
CDFS_11906,0.01
CDFS_11923,0.5
CDFS_11933,0.01
CDFS_11935,0.0
CDFS_11938,0.0
CDFS_11944,0.0
CDFS_11946,0.1
CDFS_11950,0.1
CDFS_11958,0.0
CDFS_11960,0.0
CDFS_11964,0.01
CDFS_11969,0.2
CDFS_11977,0.2
CDFS_11982,0.2
CDFS_11993,0.7
CDFS_12000,0.2
CDFS_12003,0.0
CDFS_12007,0.0
CDFS_12008,0.1
CDFS_12013,0.0
CDFS_12025,0.7
CDFS_12061,0.0
CDFS_12063,0.4
CDFS_12066,0.1
CDFS_12076,0.0
CDFS_12080,0.5
CDFS_12082,0.1
CDFS_12086,0.0
CDFS_12099,0.9
CDFS_12102,0.1
CDFS_12105,0.4
CDFS_12106,0.5
CDFS_12115,0.1
CDFS_12117,0.0
CDFS_12120,0.1
CDFS_12126,0.0
CDFS_12127,0.0
CDFS_12128,0.0
CDFS_12149,0.1
CDFS_12151,0.7
CDFS_12158,0.2
CDFS_12164,0.2
CDFS_12168,0.01
CDFS_12171,0.0
CDFS_12188,0.0
CDFS_12207,0.1
CDFS_12211,0.01
CDFS_12219,0.0
CDFS_12222,0.1
CDFS_12225,0.01
CDFS_12231,0.6
CDFS_12237,0.2
CDFS_12238,0.1
CDFS_12249,0.1
CDFS_12308,0.2
CDFS_12312,0.1
CDFS_12314,0.0
CDFS_12320,0.2
CDFS_12321,0.0
CDFS_12324,0.0
CDFS_12325,0.0
CDFS_12329,0.1
CDFS_12338,0.0
CDFS_12339,0.9
CDFS_12340,0.5
CDFS_12342,0.01
CDFS_12350,0.01
CDFS_12351,0.1
CDFS_12353,0.2
CDFS_12354,0.01
CDFS_12357,0.0
CDFS_12361,0.0
CDFS_12366,0.3
CDFS_12382,0.1
CDFS_12388,0.6
CDFS_12407,0.0
CDFS_12408,0.2
CDFS_12414,0.01
CDFS_12419,0.0
CDFS_12439,0.1
CDFS_12456,0.01
CDFS_12469,0.1
CDFS_12472,0.0
CDFS_12474,0.0
CDFS_12479,0.01
CDFS_12482,0.1
CDFS_12485,0.0
CDFS_12486,0.01
CDFS_12488,0.1
CDFS_12495,0.1
CDFS_12496,0.1
CDFS_12507,0.0
CDFS_12509,0.01
CDFS_12515,0.1
CDFS_12521,0.5
CDFS_12524,0.9
CDFS_12525,0.01
CDFS_12531,0.0
CDFS_12535,0.01
CDFS_12536,0.01
CDFS_12560,0.4
CDFS_12564,0.01
CDFS_12569,0.3
CDFS_12572,0.0
CDFS_12577,0.6
CDFS_12591,0.0
CDFS_12598,0.0
CDFS_12623,0.01
CDFS_12633,0.5
CDFS_12641,0.0
CDFS_12645,0.1
CDFS_12647,0.01
CDFS_12651,0.7
CDFS_12665,0.0
CDFS_12668,0.2
CDFS_12679,0.2
CDFS_12685,0.01
CDFS_12687,0.3
CDFS_12691,0.1
CDFS_12700,0.1
CDFS_12702,0.7
CDFS_12711,0.01
CDFS_12716,0.0
CDFS_12717,0.0
CDFS_12718,0.0
CDFS_12721,0.0
CDFS_12735,0.0
CDFS_12746,0.01
CDFS_12749,0.0
CDFS_12750,0.1
CDFS_12753,0.0
CDFS_12759,0.2
CDFS_12767,0.3
CDFS_12774,0.4
CDFS_12779,0.01
CDFS_12783,0.0
CDFS_12784,0.1
CDFS_12789,0.1
CDFS_12797,0.0
CDFS_12800,0.1
CDFS_12817,0.0
CDFS_12837,0.1
CDFS_12839,0.8
CDFS_12841,0.0
CDFS_12843,0.0
CDFS_12847,0.6
CDFS_12854,0.2
CDFS_12862,0.0
CDFS_12875,0.0
CDFS_12885,0.0
CDFS_12891,0.3
CDFS_12893,0.4
CDFS_12900,0.0
CDFS_12909,0.0
CDFS_12914,0.2
CDFS_12927,0.1
CDFS_12928,0.01
CDFS_12930,0.2
CDFS_12931,0.0
CDFS_12933,0.0
CDFS_12944,0.0
CDFS_12953,0.0
CDFS_12959,0.1
CDFS_12964,0.0
CDFS_12967,0.0
CDFS_12976,0.0
CDFS_12985,0.0
CDFS_12988,0.1
CDFS_12991,0.2
CDFS_13006,0.0
CDFS_13008,0.0
CDFS_13015,0.0
CDFS_13025,0.3
CDFS_13031,0.3
CDFS_13038,0.01
CDFS_13047,0.0
CDFS_13054,0.0
CDFS_13069,0.0
CDFS_13070,0.0
CDFS_13074,0.0
CDFS_13077,0.0
CDFS_13078,0.01
CDFS_13082,0.6
CDFS_13085,0.01
CDFS_13095,0.0
CDFS_13106,0.01
CDFS_13111,0.2
CDFS_13112,0.3
CDFS_13114,0.1
CDFS_13117,0.01
CDFS_13125,0.4
CDFS_13130,0.2
CDFS_13132,0.01
CDFS_13133,0.1
CDFS_13134,0.0
CDFS_13143,0.3
CDFS_13158,0.0
CDFS_13163,0.0
CDFS_13165,0.1
CDFS_13166,0.0
CDFS_13177,0.01
CDFS_13184,0.0
CDFS_13193,0.01
CDFS_13209,0.0
CDFS_13211,0.0
CDFS_13218,0.0
CDFS_13221,0.2
CDFS_13233,0.0
CDFS_13238,0.0
CDFS_13239,0.3
CDFS_13240,0.01
CDFS_13246,0.0
CDFS_13250,0.1
CDFS_13257,0.1
CDFS_13260,0.0
CDFS_13271,0.6
CDFS_13289,0.1
CDFS_13293,0.4
CDFS_13296,0.0
CDFS_13297,0.0
CDFS_13300,0.01
CDFS_13313,0.1
CDFS_13322,0.0
CDFS_13324,0.0
CDFS_13325,0.0
CDFS_13341,0.0
CDFS_13347,0.0
CDFS_13360,0.0
CDFS_13361,0.0
CDFS_13370,0.3
CDFS_13373,0.1
CDFS_13379,0.1
CDFS_13382,0.01
CDFS_13385,0.0
CDFS_13390,0.1
CDFS_13392,0.2
CDFS_13394,0.7
CDFS_13396,0.01
CDFS_13401,0.0
CDFS_13404,0.01
CDFS_13405,0.0
CDFS_13407,0.0
CDFS_13421,0.0
CDFS_13423,0.3
CDFS_13426,0.0
CDFS_13436,0.0
CDFS_13437,0.3
CDFS_13443,0.01
CDFS_13444,0.1
CDFS_13459,0.0
CDFS_13464,0.0
CDFS_13465,0.2
CDFS_13467,0.01
CDFS_13470,0.4
CDFS_13475,0.2
CDFS_13484,0.0
CDFS_13498,0.4
CDFS_13501,0.0
CDFS_13504,0.0
CDFS_13516,0.0
CDFS_13518,0.3
CDFS_13519,0.01
CDFS_13520,0.0
CDFS_13521,0.0
CDFS_13522,0.0
CDFS_13536,0.0
CDFS_13543,0.1
CDFS_13546,0.0
CDFS_13556,0.2
CDFS_13567,0.0
CDFS_13584,0.0
CDFS_13590,0.01
CDFS_13592,0.1
CDFS_13598,0.0
CDFS_13601,0.01
CDFS_13603,0.3
CDFS_13608,0.0
CDFS_13616,0.1
CDFS_13617,0.0
CDFS_13629,0.2
CDFS_13630,0.0
CDFS_13635,0.3
CDFS_13637,0.0
CDFS_13664,0.0
CDFS_13675,0.1
CDFS_13687,0.0
CDFS_13694,0.1
CDFS_13695,0.1
CDFS_13699,0.01
CDFS_13706,0.0
CDFS_13747,0.0
CDFS_13719,0.5
CDFS_13724,0.0
CDFS_13735,0.01
CDFS_13736,0.1
CDFS_13738,0.3
CDFS_13748,0.0
CDFS_13753,0.0
CDFS_13759,0.0
CDFS_13768,0.0
CDFS_13777,0.01
CDFS_13783,0.0
CDFS_13789,0.0
CDFS_13795,0.0
CDFS_13806,0.0
CDFS_13811,0.0
CDFS_13812,0.0
CDFS_13813,0.1
CDFS_13814,0.0
CDFS_13821,0.1
CDFS_13822,0.0
CDFS_13829,0.1
CDFS_13832,0.0
CDFS_13836,0.01
CDFS_13840,0.0
CDFS_13845,0.0
CDFS_13851,0.01
CDFS_13853,0.01
CDFS_13864,0.0
CDFS_13866,0.0
CDFS_13868,0.1
CDFS_13876,0.01
CDFS_13877,0.01
CDFS_13878,0.0
CDFS_13879,0.2
CDFS_13885,0.0
CDFS_13891,0.0
CDFS_13893,0.0
CDFS_13901,0.3
CDFS_13902,0.0
CDFS_13903,0.0
CDFS_13905,0.01
CDFS_13910,0.0
CDFS_13919,0.5
CDFS_13920,0.01
CDFS_13926,0.1
CDFS_13931,0.0
CDFS_13935,0.1
CDFS_13945,0.0
CDFS_13950,0.01
CDFS_13956,0.0
CDFS_13959,0.0
CDFS_13960,0.0
CDFS_13962,0.0
CDFS_13963,0.1
CDFS_13977,0.1
CDFS_13985,0.2
CDFS_13986,0.3
CDFS_13987,0.0
CDFS_13991,0.0
CDFS_14009,0.0
CDFS_14016,0.0
CDFS_14018,0.2
CDFS_14019,0.5
CDFS_14020,0.0
CDFS_14024,0.0
CDFS_14031,0.1
CDFS_14032,0.0
CDFS_14035,0.5
CDFS_14037,0.0
CDFS_14043,0.0
CDFS_14049,0.2
CDFS_14056,0.0
CDFS_14059,0.0
CDFS_14066,0.0
CDFS_14076,0.3
CDFS_14080,0.0
CDFS_14087,0.0
CDFS_14089,0.0
CDFS_14096,0.2
CDFS_14098,0.0
CDFS_14101,0.2
CDFS_14105,0.1
CDFS_14106,0.1
CDFS_14108,0.0
CDFS_14124,0.6
CDFS_14131,0.3
CDFS_14148,0.0
CDFS_14151,0.0
CDFS_14156,0.0
CDFS_14158,0.0
CDFS_14159,0.2
CDFS_14163,0.5
CDFS_14166,0.1
CDFS_14180,0.1
CDFS_14196,0.3
CDFS_14207,0.0
CDFS_14211,0.01
CDFS_14214,0.1
CDFS_14226,0.7
CDFS_14228,0.2
CDFS_14236,0.2
CDFS_14240,0.01
CDFS_14244,0.1
CDFS_14245,0.0
CDFS_14248,0.4
CDFS_14254,0.0
CDFS_14262,0.1
CDFS_14270,0.4
CDFS_14271,0.0
CDFS_14279,0.0
CDFS_14290,0.0
CDFS_14293,0.1
CDFS_14303,0.0
CDFS_14314,0.0
CDFS_14319,0.2
CDFS_14327,0.0
CDFS_14338,0.1
CDFS_14344,0.0
CDFS_14349,0.0
CDFS_14352,0.0
CDFS_14367,0.0
CDFS_14369,0.0
CDFS_14381,0.01
CDFS_14382,0.0
CDFS_14383,0.0
CDFS_14395,0.01
CDFS_14403,0.0
CDFS_14416,0.0
CDFS_14424,0.0
CDFS_14428,0.1
CDFS_14429,0.0
CDFS_14430,0.1
CDFS_14443,0.0
CDFS_14444,0.1
CDFS_14454,0.0
CDFS_14460,0.1
CDFS_14465,0.01
CDFS_14472,0.5
CDFS_14485,0.0
CDFS_14486,0.1
CDFS_14491,0.0
CDFS_14496,0.0
CDFS_14504,0.0
CDFS_14505,0.0
CDFS_14510,0.1
CDFS_14525,0.0
CDFS_14534,0.01
CDFS_14543,0.01
CDFS_14545,0.0
CDFS_14546,0.01
CDFS_14551,0.0
CDFS_14563,0.3
CDFS_14579,0.1
CDFS_14580,0.5
CDFS_14581,0.0
CDFS_14586,0.01
CDFS_14590,0.1
CDFS_14597,0.0
CDFS_14604,0.0
CDFS_14612,0.2
CDFS_14613,0.0
CDFS_14614,0.2
CDFS_14616,0.0
CDFS_14619,0.0
CDFS_14634,0.3
CDFS_14637,0.0
CDFS_14643,0.0
CDFS_14646,0.0
CDFS_14647,0.1
CDFS_14650,0.0
CDFS_14652,0.0
CDFS_14653,0.0
CDFS_14655,0.1
CDFS_14659,0.0
CDFS_14663,0.0
CDFS_14669,0.01
CDFS_14677,0.5
CDFS_14680,0.2
CDFS_14681,0.01
CDFS_14688,0.0
CDFS_14697,0.6
CDFS_14698,0.0
CDFS_14723,0.6
CDFS_14728,0.2
CDFS_14732,0.1
CDFS_14733,0.1
CDFS_14741,0.5
CDFS_14743,0.0
CDFS_14745,0.01
CDFS_14748,0.01
CDFS_14749,0.0
CDFS_14765,0.1
CDFS_14770,0.0
CDFS_14782,0.01
CDFS_14794,0.2
CDFS_14796,0.2
CDFS_14797,0.0
CDFS_14799,0.0
CDFS_14800,0.2
CDFS_14806,0.01
CDFS_14813,0.0
CDFS_14816,0.4
CDFS_14819,0.01
CDFS_14822,0.0
CDFS_14834,0.0
CDFS_14845,0.0
CDFS_14851,0.4
CDFS_14856,0.0
CDFS_14857,0.0
CDFS_14862,0.0
CDFS_14866,0.01
CDFS_14870,0.0
CDFS_14881,0.3
CDFS_14887,0.7
CDFS_14890,0.0
CDFS_14904,0.0
CDFS_14913,0.1
CDFS_14939,0.1
CDFS_14950,0.5
CDFS_14955,0.0
CDFS_14957,0.0
CDFS_14960,0.0
CDFS_14966,0.0
CDFS_14968,0.1
CDFS_14969,0.0
CDFS_14975,0.1
CDFS_14978,0.0
CDFS_14989,0.2
CDFS_14994,0.4
CDFS_15001,0.0
CDFS_15003,0.0
CDFS_15008,0.0
CDFS_15011,0.1
CDFS_15012,0.0
CDFS_15013,0.3
CDFS_15021,0.0
CDFS_15036,0.1
CDFS_15039,0.0
CDFS_15049,0.0
CDFS_15052,0.0
CDFS_15056,0.0
CDFS_15065,0.01
CDFS_15073,0.0
CDFS_15081,0.9
CDFS_15085,0.0
CDFS_15091,0.0
CDFS_15093,0.0
CDFS_15098,0.2
CDFS_15102,0.8
CDFS_15112,0.0
CDFS_15119,0.0
CDFS_15122,0.0
CDFS_15126,0.01
CDFS_15127,0.3
CDFS_15132,0.2
CDFS_15134,0.0
CDFS_15146,0.1
CDFS_15153,0.2
CDFS_15175,0.5
CDFS_15178,0.0
CDFS_15183,0.01
CDFS_15190,0.01
CDFS_15194,0.0
CDFS_15200,0.8
CDFS_15203,0.0
CDFS_15204,0.1
CDFS_15207,0.0
CDFS_15211,0.1
CDFS_15215,0.0
CDFS_15219,0.0
CDFS_15223,0.0
CDFS_15228,0.1
CDFS_15238,0.0
CDFS_15246,0.0
CDFS_15252,0.01
CDFS_15253,0.1
CDFS_15255,0.2
CDFS_15261,0.0
CDFS_15266,0.5
CDFS_15272,0.4
CDFS_15273,0.1
CDFS_15275,0.0
CDFS_15289,0.8
CDFS_15301,0.0
CDFS_15307,0.2
CDFS_15310,0.3
CDFS_15311,0.0
CDFS_15320,0.0
CDFS_15342,0.01
CDFS_15345,0.0
CDFS_15352,0.0
CDFS_15353,0.2
CDFS_15356,0.01
CDFS_15358,0.1
CDFS_15359,0.4
CDFS_15360,0.1
CDFS_15363,0.3
CDFS_15364,0.3
CDFS_15365,0.0
CDFS_15368,0.6
CDFS_15372,0.0
CDFS_15375,0.1
CDFS_15376,0.01
CDFS_15378,0.2
CDFS_15381,0.2
CDFS_15385,0.1
CDFS_15386,0.1
CDFS_15389,0.01
CDFS_15392,0.0
CDFS_15394,0.9
CDFS_15395,0.0
CDFS_15396,0.2
CDFS_15398,0.4
CDFS_15399,0.1
CDFS_15409,0.0
CDFS_15415,0.0
CDFS_15417,0.0
CDFS_15431,0.0
CDFS_15437,0.2
CDFS_15440,0.01
CDFS_15452,0.3
CDFS_15459,0.0
CDFS_15461,0.01
CDFS_15464,0.2
CDFS_15466,0.0
CDFS_15467,0.1
CDFS_15478,0.0
CDFS_15479,0.01
CDFS_15493,0.2
CDFS_15495,0.5
CDFS_15496,0.0
CDFS_15497,0.0
CDFS_15502,0.0
CDFS_15519,0.0
CDFS_15522,0.0
CDFS_15523,0.01
CDFS_15534,0.5
CDFS_15549,0.2
CDFS_15550,0.0
CDFS_15557,0.5
CDFS_15559,0.5
CDFS_15576,0.1
CDFS_15577,0.01
CDFS_15579,0.0
CDFS_15581,0.0
CDFS_15583,0.01
CDFS_15600,0.01
CDFS_15601,0.2
CDFS_15602,0.0
CDFS_15605,0.2
CDFS_15610,0.0
CDFS_15616,0.0
CDFS_15623,0.0
CDFS_15624,0.0
CDFS_15630,0.0
CDFS_15631,0.1
CDFS_15637,0.01
CDFS_15644,0.0
CDFS_15645,0.0
CDFS_15647,0.1
CDFS_15648,0.0
CDFS_15652,0.6
CDFS_15661,0.1
CDFS_15677,0.0
CDFS_15681,0.0
CDFS_15688,0.0
CDFS_15691,0.8
CDFS_15694,0.0
CDFS_15699,0.2
CDFS_15704,0.0
CDFS_15712,0.01
CDFS_15715,0.3
CDFS_15721,0.3
CDFS_15736,0.01
CDFS_15744,0.0
CDFS_15745,0.2
CDFS_15765,0.0
CDFS_15766,0.1
CDFS_15790,0.1
CDFS_15791,0.0
CDFS_15794,0.0
CDFS_15795,0.1
CDFS_15796,0.0
CDFS_15798,0.4
CDFS_15801,0.0
CDFS_15809,0.3
CDFS_15811,0.5
CDFS_15822,0.0
CDFS_15825,0.01
CDFS_15827,0.0
CDFS_15829,0.0
CDFS_15832,0.0
CDFS_15833,0.1
CDFS_15838,0.0
CDFS_15842,0.0
CDFS_15845,0.8
CDFS_15846,0.0
CDFS_15854,0.2
CDFS_15857,0.1
CDFS_15858,0.0
CDFS_15863,0.0
CDFS_15864,0.0
CDFS_15865,0.0
CDFS_15866,0.2
CDFS_15879,0.0
CDFS_15882,0.0
CDFS_15883,0.0
CDFS_15888,0.5
CDFS_15909,0.1
CDFS_15913,0.0
CDFS_15921,0.2
CDFS_15925,0.0
CDFS_15930,0.0
CDFS_15946,0.0
CDFS_15948,0.1
CDFS_15950,0.0
CDFS_15959,0.9
CDFS_15960,0.0
CDFS_15965,0.0
CDFS_15966,0.0
CDFS_15968,0.01
CDFS_15969,0.1
CDFS_15970,0.0
CDFS_15979,0.3
CDFS_15984,0.0
CDFS_15985,0.0
CDFS_15990,0.01
CDFS_16003,0.0
CDFS_16010,0.3
CDFS_16012,0.1
CDFS_16013,0.01
CDFS_16020,0.0
CDFS_16028,0.0
CDFS_16035,0.2
CDFS_16036,0.7
CDFS_16039,0.0
CDFS_16041,0.0
CDFS_16045,0.0
CDFS_16054,0.0
CDFS_16082,0.0
CDFS_16084,0.0
CDFS_16089,0.0
CDFS_16094,0.8
CDFS_16097,0.0
CDFS_16102,0.0
CDFS_16103,0.0
CDFS_16104,0.0
CDFS_16107,0.0
CDFS_16115,0.2
CDFS_16122,0.0
CDFS_16134,0.0
CDFS_16140,0.0
CDFS_16142,0.2
CDFS_16145,0.0
CDFS_16150,0.3
CDFS_16158,0.01
CDFS_16159,0.0
CDFS_16162,0.9
CDFS_16169,0.0
CDFS_16178,0.2
CDFS_16180,0.8
CDFS_16186,0.0
CDFS_16191,0.0
CDFS_16196,0.0
CDFS_16211,0.01
CDFS_16212,0.5
CDFS_16217,0.0
CDFS_16227,0.0
CDFS_16231,0.1
CDFS_16233,0.0
CDFS_16245,0.1
CDFS_16249,0.0
CDFS_16251,0.0
CDFS_16254,0.4
CDFS_16256,0.0
CDFS_16263,0.01
CDFS_16264,0.1
CDFS_16269,0.0
CDFS_16274,0.4
CDFS_16276,0.3
CDFS_16277,0.0
CDFS_16280,0.0
CDFS_16293,0.0
CDFS_16300,0.2
CDFS_16310,0.0
CDFS_16311,0.2
CDFS_16314,0.0
CDFS_16321,0.0
CDFS_16330,0.0
CDFS_16332,0.3
CDFS_16334,0.1
CDFS_16342,0.0
CDFS_16351,0.2
CDFS_16355,0.1
CDFS_16357,0.2
CDFS_16361,0.0
CDFS_16365,0.01
CDFS_16374,0.0
CDFS_16379,0.0
CDFS_16395,0.1
CDFS_16397,0.0
CDFS_16399,0.0
CDFS_16406,0.0
CDFS_16408,0.0
CDFS_16412,0.0
CDFS_16420,0.01
CDFS_16423,0.2
CDFS_16426,0.1
CDFS_16434,0.1
CDFS_16435,0.01
CDFS_16444,0.0
CDFS_16445,0.01
CDFS_16449,0.4
CDFS_16454,0.1
CDFS_16456,0.0
CDFS_16459,0.1
CDFS_16467,0.2
CDFS_16472,0.0
CDFS_16473,0.0
CDFS_16474,0.1
CDFS_16480,0.0
CDFS_16481,0.0
CDFS_16488,0.0
CDFS_16517,0.0
CDFS_16522,0.1
CDFS_16526,0.3
CDFS_16529,0.01
CDFS_16530,0.0
CDFS_16534,0.01
CDFS_16537,0.0
CDFS_16540,0.0
CDFS_16541,0.0
CDFS_16547,0.01
CDFS_16548,0.4
CDFS_16552,0.4
CDFS_16553,0.0
CDFS_16556,0.0
CDFS_16559,0.5
CDFS_16561,0.0
CDFS_16570,0.0
CDFS_16582,0.0
CDFS_16586,0.1
CDFS_16600,0.1
CDFS_16607,0.2
CDFS_16608,0.1
CDFS_16610,0.01
CDFS_16612,0.0
CDFS_16622,0.1
CDFS_16624,0.1
CDFS_16640,0.0
CDFS_16646,0.01
CDFS_16657,0.4
CDFS_16667,0.0
CDFS_16673,0.6
CDFS_16676,0.6
CDFS_16689,0.0
CDFS_16691,0.0
CDFS_16694,0.0
CDFS_16696,0.2
CDFS_16702,0.3
CDFS_16722,0.0
CDFS_16723,0.0
CDFS_16724,0.6
CDFS_16733,0.01
CDFS_16735,0.0
CDFS_16737,0.5
CDFS_16745,0.0
CDFS_16760,0.0
CDFS_16764,0.0
CDFS_16772,0.8
CDFS_16776,0.2
CDFS_16779,0.0
CDFS_16781,0.01
CDFS_16784,0.01
CDFS_16789,0.8
CDFS_16791,0.1
CDFS_16794,0.0
CDFS_16819,0.2
CDFS_16823,0.1
CDFS_16828,0.0
CDFS_16831,0.3
CDFS_16847,0.0
CDFS_16853,0.01
CDFS_16860,0.01
CDFS_16868,0.2
CDFS_16871,0.1
CDFS_16875,0.1
CDFS_16882,0.1
CDFS_16891,0.5
CDFS_16894,0.0
CDFS_16908,0.0
CDFS_16910,0.1
CDFS_16911,0.1
CDFS_16914,0.1
CDFS_16917,0.1
CDFS_16921,0.0
CDFS_16931,0.1
CDFS_16934,0.0
CDFS_16936,0.0
CDFS_16937,0.0
CDFS_16940,0.0
CDFS_16950,0.0
CDFS_16953,0.1
CDFS_16956,0.1
CDFS_16957,0.0
CDFS_16962,0.1
CDFS_16971,0.0
CDFS_16974,0.0
CDFS_16975,0.6
CDFS_16982,0.01
CDFS_16987,0.1
CDFS_16988,0.0
CDFS_16992,0.0
CDFS_16998,0.6
CDFS_16999,0.0
CDFS_17003,0.0
CDFS_17007,0.1
CDFS_17024,0.1
CDFS_17026,0.0
CDFS_17030,0.01
CDFS_17036,0.1
CDFS_17037,0.0
CDFS_17042,0.3
CDFS_17049,0.01
CDFS_17053,0.3
CDFS_17055,0.01
CDFS_17063,0.0
CDFS_17067,0.0
CDFS_17069,0.01
CDFS_17071,0.9
CDFS_17074,0.4
CDFS_17083,0.01
CDFS_17092,0.1
CDFS_17100,0.0
CDFS_17113,0.0
CDFS_17114,0.0
CDFS_17116,0.0
CDFS_17122,0.1
CDFS_17132,0.1
CDFS_17133,0.6
CDFS_17137,0.1
CDFS_17154,0.0
CDFS_17155,0.0
CDFS_17156,0.0
CDFS_17164,0.01
CDFS_17168,0.5
CDFS_17174,0.0
CDFS_17187,0.2
CDFS_17188,0.01
CDFS_17191,0.1
CDFS_17196,0.1
CDFS_17200,0.0
CDFS_17201,0.01
CDFS_17203,0.2
CDFS_17204,0.01
CDFS_17205,0.2
CDFS_17210,0.0
CDFS_17213,0.2
CDFS_17215,0.0
CDFS_17222,0.1
CDFS_17227,0.01
CDFS_17237,0.1
CDFS_17242,0.4
CDFS_17243,0.2
CDFS_17255,0.0
CDFS_17273,0.4
CDFS_17282,0.0
CDFS_17292,0.2
CDFS_17297,0.7
CDFS_17300,0.0
CDFS_17304,0.0
CDFS_17311,0.01
CDFS_17312,0.3
CDFS_17318,0.0
CDFS_17324,0.01
CDFS_17327,0.0
CDFS_17331,0.0
CDFS_17338,0.1
CDFS_17340,0.0
CDFS_17341,0.1
CDFS_17344,0.1
CDFS_17349,0.1
CDFS_17355,0.0
CDFS_17356,0.0
CDFS_17357,0.1
CDFS_17362,0.0
CDFS_17363,0.1
CDFS_17367,0.5
CDFS_17369,0.1
CDFS_17378,0.0
CDFS_17383,0.2
CDFS_17396,0.0
CDFS_17408,0.2
CDFS_17412,0.0
CDFS_17413,0.0
CDFS_17416,0.0
CDFS_17417,0.3
CDFS_17422,0.1
CDFS_17430,0.0
CDFS_17432,0.1
CDFS_17435,0.7
CDFS_17442,0.0
CDFS_17454,0.0
CDFS_17456,0.1
CDFS_17458,0.1
CDFS_17460,0.3
CDFS_17484,0.0
CDFS_17495,0.1
CDFS_17502,0.2
CDFS_17505,0.0
CDFS_17508,0.0
CDFS_17515,0.2
CDFS_17519,0.3
CDFS_17524,0.0
CDFS_17526,0.2
CDFS_17527,0.8
CDFS_17528,0.6
CDFS_17543,0.0
CDFS_17550,0.0
CDFS_17554,0.0
CDFS_17555,0.0
CDFS_17560,0.0
CDFS_17562,0.01
CDFS_17566,0.0
CDFS_17568,0.4
CDFS_17569,0.2
CDFS_17570,0.6
CDFS_17576,0.0
CDFS_17597,0.1
CDFS_17606,0.0
CDFS_17641,0.0
CDFS_17645,0.1
CDFS_17661,0.1
CDFS_17670,0.1
CDFS_17671,0.01
CDFS_17675,0.0
CDFS_17676,0.4
CDFS_17685,0.0
CDFS_17689,0.0
CDFS_17691,0.1
CDFS_17692,0.1
CDFS_17695,0.1
CDFS_17697,0.3
CDFS_17706,0.0
CDFS_17708,0.0
CDFS_17714,0.2
CDFS_17715,0.2
CDFS_17716,0.3
CDFS_17727,0.0
CDFS_17735,0.6
CDFS_17756,0.01
CDFS_17758,0.1
CDFS_17763,0.3
CDFS_17770,0.0
CDFS_17771,0.0
CDFS_17778,0.01
CDFS_17781,0.0
CDFS_17782,0.1
CDFS_17791,0.6
CDFS_17801,0.6
CDFS_17802,0.0
CDFS_17811,0.1
CDFS_17814,0.1
CDFS_17817,0.01
CDFS_17823,0.1
CDFS_17827,0.1
CDFS_17834,0.1
CDFS_17839,0.0
CDFS_17857,0.0
CDFS_17860,0.8
CDFS_17861,0.5
CDFS_17863,0.0
CDFS_17864,0.7
CDFS_17903,0.1
CDFS_17875,0.2
CDFS_17878,0.0
CDFS_17882,0.1
CDFS_17887,0.1
CDFS_17891,0.0
CDFS_17896,0.0
CDFS_17899,0.0
CDFS_17902,0.0
CDFS_17906,0.0
CDFS_17908,0.5
CDFS_17912,0.0
CDFS_17926,0.0
CDFS_17933,0.9
CDFS_17935,0.3
CDFS_17945,0.0
CDFS_17949,0.1
CDFS_17950,0.3
CDFS_17956,0.0
CDFS_17962,0.4
CDFS_17967,0.0
CDFS_17972,0.0
CDFS_17977,0.2
CDFS_17982,0.01
CDFS_17988,0.4
CDFS_17989,0.01
CDFS_18004,0.6
CDFS_18009,0.3
CDFS_18023,0.0
CDFS_18026,0.1
CDFS_18028,0.0
CDFS_18035,0.2
CDFS_18042,0.1
CDFS_18044,0.4
CDFS_18048,0.0
CDFS_18054,0.3
CDFS_18062,0.2
CDFS_18063,0.01
CDFS_18073,0.01
CDFS_18075,0.0
CDFS_18076,0.1
CDFS_18092,0.2
CDFS_18094,0.6
CDFS_18096,0.0
CDFS_18098,0.4
CDFS_18115,0.0
CDFS_18117,0.0
CDFS_18123,0.3
CDFS_18124,0.3
CDFS_18132,0.0
CDFS_18136,0.8
CDFS_18138,0.01
CDFS_18139,0.0
CDFS_18140,0.3
CDFS_18146,0.0
CDFS_18156,0.0
CDFS_18167,0.0
CDFS_18181,0.1
CDFS_18183,0.0
CDFS_18189,0.1
CDFS_18190,0.01
CDFS_18192,0.3
CDFS_18194,0.0
CDFS_18201,0.01
CDFS_18206,0.6
CDFS_18210,0.01
CDFS_18214,0.01
CDFS_18222,0.2
CDFS_18223,0.1
CDFS_18225,0.0
CDFS_18234,0.4
CDFS_18247,0.8
CDFS_18253,0.01
CDFS_18259,0.1
CDFS_18261,0.01
CDFS_18264,0.01
CDFS_18269,0.01
CDFS_18285,0.6
CDFS_18287,0.01
CDFS_18293,0.1
CDFS_18297,0.0
CDFS_18302,0.3
CDFS_18305,0.0
CDFS_18316,0.5
CDFS_18318,0.01
CDFS_18320,0.2
CDFS_18324,0.2
CDFS_18326,0.01
CDFS_18329,0.6
CDFS_18335,0.1
CDFS_18353,0.0
CDFS_18357,0.3
CDFS_18358,0.4
CDFS_18366,0.0
CDFS_18367,0.0
CDFS_18371,0.5
CDFS_18380,0.4
CDFS_18384,0.1
CDFS_18387,0.7
CDFS_18391,0.0
CDFS_18397,0.3
CDFS_18402,0.6
CDFS_18420,0.0
CDFS_18425,0.0
CDFS_18432,0.8
CDFS_18442,0.0
CDFS_18447,0.0
CDFS_18455,0.6
CDFS_18458,0.0
CDFS_18463,0.0
CDFS_18468,0.0
CDFS_18473,0.0
CDFS_18476,0.1
CDFS_18478,0.4
CDFS_18482,0.01
CDFS_18489,0.0
CDFS_18501,0.1
CDFS_18505,0.4
CDFS_18510,0.1
CDFS_18523,0.0
CDFS_18530,0.1
CDFS_18538,0.0
CDFS_18540,0.01
CDFS_18547,0.01
CDFS_18550,0.0
CDFS_18563,0.0
CDFS_18571,0.4
CDFS_18574,0.01
CDFS_18577,0.0
CDFS_18578,0.4
CDFS_18588,0.0
CDFS_18607,0.1
CDFS_18617,0.01
CDFS_18618,0.0
CDFS_18621,0.0
CDFS_18625,0.01
CDFS_18634,0.0
CDFS_18666,0.0
CDFS_18672,0.5
CDFS_18689,0.0
CDFS_18695,0.01
CDFS_18696,0.0
CDFS_18701,0.8
CDFS_18705,0.0
CDFS_18707,0.0
CDFS_18711,0.6
CDFS_18713,0.5
CDFS_18731,0.0
CDFS_18746,0.5
CDFS_18747,0.5
CDFS_18760,0.3
CDFS_18763,0.0
CDFS_18778,0.1
CDFS_18784,0.5
CDFS_18791,0.2
CDFS_18796,0.4
CDFS_18797,0.3
CDFS_18798,0.01
CDFS_18800,0.5
CDFS_18810,0.4
CDFS_18817,0.0
CDFS_18828,0.4
CDFS_18840,0.1
CDFS_18855,0.0
CDFS_18859,0.2
CDFS_18866,0.4
CDFS_18868,0.1
CDFS_18872,0.1
CDFS_18873,0.2
CDFS_18877,0.4
CDFS_18885,0.1
CDFS_18887,0.6
CDFS_18892,0.0
CDFS_18900,0.0
CDFS_18902,0.0
CDFS_18904,0.0
CDFS_18907,0.4
CDFS_18910,0.0
CDFS_18912,0.01
CDFS_18913,0.2
CDFS_18925,0.0
CDFS_18927,0.0
CDFS_18930,0.3
CDFS_18933,0.0
CDFS_18940,0.0
CDFS_18941,0.0
CDFS_18944,0.0
CDFS_18956,0.2
CDFS_18961,0.0
CDFS_18963,0.01
CDFS_18964,0.1
CDFS_18965,0.3
CDFS_18975,0.3
CDFS_18977,0.2
CDFS_18985,0.0
CDFS_18996,0.2
CDFS_19000,0.1
CDFS_19007,0.3
CDFS_19022,0.0
CDFS_19030,0.9
CDFS_19033,0.7
CDFS_19040,0.01
CDFS_19043,0.4
CDFS_19045,0.5
CDFS_19047,0.0
CDFS_19055,0.0
CDFS_19066,0.1
CDFS_19067,0.01
CDFS_19074,0.01
CDFS_19076,0.0
CDFS_19077,0.0
CDFS_19081,0.0
CDFS_19085,0.1
CDFS_19089,0.0
CDFS_19096,0.0
CDFS_19108,0.4
CDFS_19114,0.0
CDFS_19124,0.3
CDFS_19127,0.0
CDFS_19138,0.0
CDFS_19148,0.01
CDFS_19149,0.4
CDFS_19156,0.0
CDFS_19161,0.0
CDFS_19166,0.1
CDFS_19173,0.0
CDFS_19179,0.3
CDFS_19181,0.01
CDFS_19183,0.5
CDFS_19195,0.0
CDFS_19204,0.1
CDFS_19210,0.0
CDFS_19221,0.0
CDFS_19230,0.0
CDFS_19236,0.2
CDFS_19241,0.0
CDFS_19243,0.4
CDFS_19253,0.1
CDFS_19259,0.0
CDFS_19260,0.1
CDFS_19261,0.0
CDFS_19264,0.3
CDFS_19271,0.2
CDFS_19272,0.0
CDFS_19277,0.0
CDFS_19281,0.0
CDFS_19282,0.1
CDFS_19283,0.0
CDFS_19284,0.0
CDFS_19294,0.01
CDFS_19296,0.01
CDFS_19300,0.7
CDFS_19302,0.0
CDFS_19311,0.0
CDFS_19315,0.0
CDFS_19316,0.2
CDFS_19322,0.01
CDFS_19323,0.0
CDFS_19326,0.0
CDFS_19331,0.0
CDFS_19334,0.0
CDFS_19341,0.0
CDFS_19343,0.0
CDFS_19347,0.0
CDFS_19362,0.0
CDFS_19366,0.0
CDFS_19374,0.0
CDFS_19376,0.1
CDFS_19381,0.1
CDFS_19390,0.01
CDFS_19396,0.1
CDFS_19400,0.0
CDFS_19401,0.1
CDFS_19402,0.3
CDFS_19408,0.01
CDFS_19419,0.4
CDFS_19422,0.0
CDFS_19428,0.01
CDFS_19434,0.4
CDFS_19441,0.2
CDFS_19451,0.01
CDFS_19456,0.01
CDFS_19458,0.0
CDFS_19462,0.0
CDFS_19470,0.0
CDFS_19477,0.0
CDFS_19480,0.0
CDFS_19482,0.0
CDFS_19490,0.0
CDFS_19496,0.2
CDFS_19503,0.1
CDFS_19504,0.1
CDFS_19505,0.2
CDFS_19515,0.0
CDFS_19517,0.01
CDFS_19518,0.0
CDFS_19523,0.2
CDFS_19532,0.1
CDFS_19555,0.01
CDFS_19578,0.0
CDFS_19582,0.3
CDFS_19591,0.1
CDFS_19593,0.0
CDFS_19598,0.0
CDFS_19601,0.0
CDFS_19607,0.1
CDFS_19620,0.4
CDFS_19625,0.7
CDFS_19629,0.1
CDFS_19636,0.01
CDFS_19641,0.3
CDFS_19645,0.1
CDFS_19651,0.5
CDFS_19666,0.0
CDFS_19669,0.1
CDFS_19670,0.01
CDFS_19677,0.0
CDFS_19688,0.0
CDFS_19690,0.0
CDFS_19701,0.0
CDFS_19716,0.4
CDFS_19720,0.0
CDFS_19721,0.0
CDFS_19723,0.3
CDFS_19725,0.4
CDFS_19729,0.3
CDFS_19734,0.01
CDFS_19735,0.0
CDFS_19738,0.01
CDFS_19739,0.5
CDFS_19745,0.6
CDFS_19747,0.0
CDFS_19755,0.2
CDFS_19758,0.0
CDFS_19761,0.01
CDFS_19769,0.6
CDFS_19773,0.2
CDFS_19777,0.2
CDFS_19784,0.01
CDFS_19786,0.0
CDFS_19802,0.2
CDFS_19807,0.0
CDFS_19813,0.01
CDFS_19823,0.1
CDFS_19826,0.01
CDFS_19828,0.0
CDFS_19837,0.0
CDFS_19838,0.2
CDFS_19849,0.1
CDFS_19859,0.1
CDFS_19869,0.4
CDFS_19870,0.0
CDFS_19875,0.0
CDFS_19881,0.6
CDFS_19885,0.0
CDFS_19888,0.9
CDFS_19896,0.0
CDFS_19902,0.2
CDFS_19912,0.3
CDFS_19913,0.0
CDFS_19914,0.0
CDFS_19917,0.0
CDFS_19922,0.01
CDFS_19931,0.0
CDFS_19934,0.01
CDFS_19935,0.2
CDFS_19943,0.01
CDFS_19944,0.4
CDFS_19945,0.1
CDFS_19959,0.5
CDFS_19966,0.0
CDFS_19980,0.0
CDFS_19981,0.0
CDFS_19989,0.0
CDFS_19992,0.3
CDFS_20002,0.0
CDFS_20024,0.1
CDFS_20025,0.0
CDFS_20028,0.2
CDFS_20030,0.0
CDFS_20035,0.2
CDFS_20043,0.1
CDFS_20044,0.0
CDFS_20048,0.4
CDFS_20055,0.1
CDFS_20057,0.0
CDFS_20061,0.3
CDFS_20063,0.1
CDFS_20079,0.0
CDFS_20081,0.0
CDFS_20091,0.01
CDFS_20097,0.0
CDFS_20111,0.0
CDFS_20134,0.0
CDFS_20135,0.0
CDFS_20152,0.1
CDFS_20154,0.4
CDFS_20155,0.0
CDFS_20161,0.2
CDFS_20162,0.1
CDFS_20173,0.0
CDFS_20208,0.0
CDFS_20222,0.1
CDFS_20229,0.01
CDFS_20231,0.3
CDFS_20239,0.2
CDFS_20242,0.0
CDFS_20244,0.4
CDFS_20260,0.1
CDFS_20265,0.01
CDFS_20274,0.0
CDFS_20291,0.0
CDFS_20298,0.3
CDFS_20305,0.0
CDFS_20317,0.2
CDFS_20319,0.1
CDFS_20325,0.2
CDFS_20327,0.7
CDFS_20329,0.2
CDFS_20331,0.1
CDFS_20370,0.0
CDFS_20344,0.2
CDFS_20346,0.01
CDFS_20350,0.0
CDFS_20352,0.7
CDFS_20353,0.2
CDFS_20354,0.0
CDFS_20366,0.0
CDFS_20369,0.3
CDFS_20375,0.0
CDFS_20376,0.0
CDFS_20380,0.0
CDFS_20400,0.01
CDFS_20410,0.0
CDFS_20426,0.01
CDFS_20427,0.01
CDFS_20431,0.0
CDFS_20434,0.0
CDFS_20443,0.0
CDFS_20448,0.0
CDFS_20453,0.01
CDFS_20458,0.3
CDFS_20462,0.0
CDFS_20473,0.4
CDFS_20474,0.1
CDFS_20481,0.2
CDFS_20482,0.0
CDFS_20485,0.1
CDFS_20487,0.1
CDFS_20491,0.01
CDFS_20493,0.0
CDFS_20497,0.0
CDFS_20499,0.1
CDFS_20505,0.0
CDFS_20525,0.1
CDFS_20530,0.5
CDFS_20531,0.0
CDFS_20535,0.1
CDFS_20558,0.4
CDFS_20567,0.2
CDFS_20569,0.0
CDFS_20575,0.1
CDFS_20576,0.5
CDFS_20579,0.0
CDFS_20580,0.3
CDFS_20582,0.0
CDFS_20598,0.2
CDFS_20600,0.1
CDFS_20604,0.0
CDFS_20607,0.0
CDFS_20611,0.3
CDFS_20619,0.0
CDFS_20621,0.0
CDFS_20623,0.0
CDFS_20625,0.0
CDFS_20635,0.1
CDFS_20653,0.3
CDFS_20660,0.3
CDFS_20663,0.2
CDFS_20675,0.0
CDFS_20680,0.0
CDFS_20686,0.5
CDFS_20692,0.0
CDFS_20693,0.01
CDFS_20696,0.0
CDFS_20707,0.3
CDFS_20710,0.0
CDFS_20719,0.0
CDFS_20724,0.0
CDFS_20728,0.1
CDFS_20737,0.0
CDFS_20749,0.8
CDFS_20759,0.1
CDFS_20760,0.0
CDFS_20768,0.1
CDFS_20769,0.6
CDFS_20771,0.4
CDFS_20786,0.0
CDFS_20788,0.2
CDFS_20789,0.1
CDFS_20793,0.2
CDFS_20794,0.3
CDFS_20808,0.1
CDFS_20816,0.0
CDFS_20820,0.2
CDFS_20824,0.01
CDFS_20828,0.0
CDFS_20830,0.0
CDFS_20834,0.4
CDFS_20835,0.0
CDFS_20837,0.01
CDFS_20842,0.0
CDFS_20874,0.2
CDFS_20875,0.0
CDFS_20878,0.0
CDFS_20881,0.0
CDFS_20882,0.0
CDFS_20886,0.1
CDFS_20891,0.5
CDFS_20906,0.01
CDFS_20921,0.0
CDFS_20922,0.6
CDFS_20924,0.2
CDFS_20938,0.2
CDFS_20941,0.0
CDFS_20946,0.1
CDFS_20958,0.01
CDFS_20961,0.1
CDFS_20969,0.0
CDFS_20976,0.3
CDFS_20977,0.0
CDFS_20979,0.01
CDFS_20982,0.0
CDFS_20989,0.01
CDFS_20991,0.0
CDFS_20992,0.1
CDFS_21017,0.0
CDFS_21021,0.0
CDFS_21024,0.9
CDFS_21030,0.01
CDFS_21031,0.3
CDFS_21035,0.0
CDFS_21037,0.0
CDFS_21043,0.01
CDFS_21044,0.01
CDFS_21052,0.01
CDFS_21057,0.0
CDFS_21068,0.01
CDFS_21075,0.1
CDFS_21080,0.0
CDFS_21081,0.0
CDFS_21086,0.2
CDFS_21118,0.0
CDFS_21122,0.1
CDFS_21123,0.01
CDFS_21132,0.0
CDFS_21141,0.1
CDFS_21142,0.2
CDFS_21144,0.1
CDFS_21156,0.9
CDFS_21170,0.0
CDFS_21172,0.2
CDFS_21174,0.01
CDFS_21175,0.0
CDFS_21177,0.0
CDFS_21178,0.0
CDFS_21184,0.0
CDFS_21187,0.0
CDFS_21188,0.0
CDFS_21201,0.1
CDFS_21205,0.0
CDFS_21207,0.0
CDFS_21208,0.0
CDFS_21226,0.0
CDFS_21235,0.4
CDFS_21236,0.3
CDFS_21238,0.01
CDFS_21246,0.6
CDFS_21249,0.0
CDFS_21251,0.1
CDFS_21255,0.2
CDFS_21261,0.0
CDFS_21264,0.1
CDFS_21266,0.0
CDFS_21268,0.0
CDFS_21276,0.01
CDFS_21301,0.0
CDFS_21304,0.0
CDFS_21305,0.0
CDFS_21332,0.01
CDFS_21333,0.0
CDFS_21337,0.3
CDFS_21341,0.0
CDFS_21343,0.01
CDFS_21347,0.0
CDFS_21365,0.7
CDFS_21367,0.0
CDFS_21368,0.01
CDFS_21372,0.1
CDFS_21373,0.0
CDFS_21377,0.01
CDFS_21381,0.01
CDFS_21382,0.0
CDFS_21388,0.1
CDFS_21389,0.1
CDFS_21396,0.0
CDFS_21400,0.4
CDFS_21403,0.6
CDFS_21405,0.0
CDFS_21408,0.3
CDFS_21411,0.0
CDFS_21416,0.0
CDFS_21418,0.0
CDFS_21426,0.01
CDFS_21429,0.1
CDFS_21436,0.0
CDFS_21439,0.01
CDFS_21455,0.0
CDFS_21457,0.2
CDFS_21466,0.1
CDFS_21474,0.0
CDFS_21477,0.0
CDFS_21482,0.0
CDFS_21485,0.0
CDFS_21488,0.2
CDFS_21493,0.0
CDFS_21502,0.01
CDFS_21523,0.0
CDFS_21536,0.01
CDFS_21547,0.1
CDFS_21551,0.2
CDFS_21555,0.01
CDFS_21559,0.1
CDFS_21561,0.0
CDFS_21565,0.1
CDFS_21566,0.0
CDFS_21568,0.4
CDFS_21571,0.1
CDFS_21577,0.3
CDFS_21583,0.01
CDFS_21596,0.0
CDFS_21601,0.0
CDFS_21616,0.0
CDFS_21625,0.0
CDFS_21629,0.0
CDFS_21631,0.4
CDFS_21634,0.0
CDFS_21640,0.1
CDFS_21642,0.1
CDFS_21651,0.0
CDFS_21655,0.1
CDFS_21657,0.0
CDFS_21658,0.2
CDFS_21659,0.0
CDFS_21665,0.01
CDFS_21673,0.01
CDFS_21682,0.0
CDFS_21686,0.0
CDFS_21691,0.1
CDFS_21697,0.1
CDFS_21707,0.2
CDFS_21714,0.0
CDFS_21720,0.0
CDFS_21724,0.01
CDFS_21728,0.0
CDFS_21752,0.2
CDFS_21756,0.0
CDFS_21757,0.01
CDFS_21761,0.0
CDFS_21763,0.01
CDFS_21769,0.0
CDFS_21772,0.0
CDFS_21779,0.6
CDFS_21781,0.1
CDFS_21790,0.0
CDFS_21797,0.01
CDFS_21809,0.0
CDFS_21814,0.0
CDFS_21817,0.0
CDFS_21819,0.1
CDFS_21821,0.0
CDFS_21832,0.5
CDFS_21837,0.0
CDFS_21850,0.0
CDFS_21856,0.0
CDFS_21867,0.0
CDFS_21881,0.0
CDFS_21883,0.4
CDFS_21895,0.0
CDFS_21897,0.0
CDFS_21909,0.01
CDFS_21913,0.0
CDFS_21928,0.8
CDFS_21931,0.0
CDFS_21946,0.0
CDFS_21948,0.1
CDFS_21949,0.0
CDFS_21953,0.2
CDFS_21960,0.0
CDFS_21964,0.2
CDFS_21971,0.1
CDFS_21974,0.0
CDFS_21984,0.1
CDFS_21991,0.5
CDFS_22002,0.01
CDFS_22006,0.01
CDFS_22009,0.3
CDFS_22011,0.3
CDFS_22013,0.0
CDFS_22021,0.0
CDFS_22038,0.7
CDFS_22039,0.0
CDFS_22041,0.0
CDFS_22044,0.0
CDFS_22047,0.7
CDFS_22061,0.1
CDFS_22062,0.2
CDFS_22064,0.01
CDFS_22067,0.4
CDFS_22068,0.1
CDFS_22070,0.01
CDFS_22074,0.0
CDFS_22075,0.0
CDFS_22078,0.0
CDFS_22079,0.0
CDFS_22081,0.1
CDFS_22083,0.0
CDFS_22086,0.0
CDFS_22095,0.0
CDFS_22097,0.2
CDFS_22098,0.0
CDFS_22119,0.1
CDFS_22123,0.2
CDFS_22129,0.3
CDFS_22142,0.2
CDFS_22146,0.0
CDFS_22150,0.01
CDFS_22165,0.0
CDFS_22166,0.0
CDFS_22169,0.01
CDFS_22173,0.4
CDFS_22174,0.2
CDFS_22181,0.2
CDFS_22191,0.0
CDFS_22196,0.1
CDFS_22201,0.1
CDFS_22202,0.01
CDFS_22204,0.1
CDFS_22208,0.3
CDFS_22209,0.3
CDFS_22213,0.0
CDFS_22217,0.0
CDFS_22220,0.8
CDFS_22221,0.2
CDFS_22227,0.1
CDFS_22238,0.0
CDFS_22240,0.0
CDFS_22246,0.0
CDFS_22249,0.1
CDFS_22261,0.1
CDFS_22279,0.0
CDFS_22280,0.0
CDFS_22290,0.0
CDFS_22291,0.1
CDFS_22297,0.0
CDFS_22305,0.3
CDFS_22315,0.5
CDFS_22529,0.0
CDFS_22320,0.1
CDFS_22331,0.0
CDFS_22343,0.0
CDFS_22359,0.1
CDFS_22365,0.0
CDFS_22366,0.1
CDFS_22392,0.0
CDFS_22394,0.0
CDFS_22412,0.3
CDFS_22413,0.0
CDFS_22415,0.0
CDFS_22417,0.1
CDFS_22422,0.2
CDFS_22428,0.1
CDFS_22429,0.0
CDFS_22430,0.0
CDFS_22443,0.0
CDFS_22445,0.0
CDFS_22451,0.01
CDFS_22467,0.1
CDFS_22479,0.0
CDFS_22480,0.0
CDFS_22497,0.01
CDFS_22499,0.5
CDFS_22502,0.0
CDFS_22516,0.0
CDFS_22520,0.8
CDFS_22522,0.2
CDFS_22527,0.0
CDFS_22532,0.0
CDFS_22547,0.1
CDFS_22549,0.0
CDFS_22555,0.1
CDFS_22556,0.0
CDFS_22567,0.0
CDFS_22568,0.1
CDFS_22570,0.01
CDFS_22575,0.0
CDFS_22577,0.0
CDFS_22580,0.4
CDFS_22583,0.0
CDFS_22584,0.1
CDFS_22595,0.0
CDFS_22597,0.6
CDFS_22622,0.1
CDFS_22625,0.0
CDFS_22633,0.2
CDFS_22640,0.1
CDFS_22647,0.01
CDFS_22648,0.3
CDFS_22649,0.0
CDFS_22651,0.0
CDFS_22656,0.0
CDFS_22666,0.0
CDFS_22670,0.0
CDFS_22675,0.0
CDFS_22687,0.1
CDFS_22698,0.01
CDFS_22701,0.2
CDFS_22708,0.0
CDFS_22709,0.1
CDFS_22719,0.0
CDFS_22726,0.01
CDFS_22727,0.0
CDFS_22730,0.1
CDFS_22732,0.8
CDFS_22734,0.0
CDFS_22735,0.3
CDFS_22738,0.0
CDFS_22743,0.0
CDFS_22744,0.01
CDFS_22750,0.1
CDFS_22759,0.0
CDFS_22762,0.01
CDFS_22767,0.7
CDFS_22775,0.1
CDFS_22783,0.6
CDFS_22785,0.3
CDFS_22797,0.5
CDFS_22804,0.0
CDFS_22807,0.5
CDFS_22812,0.3
CDFS_22814,0.0
CDFS_22829,0.7
CDFS_22831,0.0
CDFS_22838,0.5
CDFS_22847,0.01
CDFS_22854,0.01
CDFS_22871,0.1
CDFS_22875,0.2
CDFS_22885,0.1
CDFS_22891,0.0
CDFS_22906,0.0
CDFS_22907,0.01
CDFS_22908,0.4
CDFS_22910,0.0
CDFS_22916,0.0
CDFS_22921,0.1
CDFS_22923,0.0
CDFS_22930,0.2
CDFS_22936,0.3
CDFS_22937,0.2
CDFS_22939,0.2
CDFS_22940,0.0
CDFS_22944,0.01
CDFS_22966,0.2
CDFS_22974,0.5
CDFS_22984,0.4
CDFS_22989,0.2
CDFS_22992,0.0
CDFS_22993,0.6
CDFS_23023,0.5
CDFS_23024,0.1
CDFS_23026,0.7
CDFS_23030,0.6
CDFS_23036,0.1
CDFS_23042,0.01
CDFS_23059,0.0
CDFS_23060,0.8
CDFS_23065,0.01
CDFS_23077,0.1
CDFS_23079,0.0
CDFS_23082,0.0
CDFS_23083,0.0
CDFS_23087,0.0
CDFS_23088,0.0
CDFS_23093,0.1
CDFS_23094,0.2
CDFS_23102,0.1
CDFS_23133,0.6
CDFS_23106,0.1
CDFS_23116,0.0
CDFS_23120,0.01
CDFS_23121,0.1
CDFS_23122,0.5
CDFS_23126,0.2
CDFS_23128,0.01
CDFS_23144,0.0
CDFS_23160,0.2
CDFS_23164,0.0
CDFS_23166,0.2
CDFS_23189,0.0
CDFS_23192,0.0
CDFS_23201,0.1
CDFS_23204,0.01
CDFS_23213,0.0
CDFS_23215,0.0
CDFS_23217,0.5
CDFS_23218,0.01
CDFS_23219,0.0
CDFS_23220,0.01
CDFS_23223,0.4
CDFS_23227,0.0
CDFS_23232,0.01
CDFS_23243,0.0
CDFS_23249,0.1
CDFS_23257,0.0
CDFS_23259,0.1
CDFS_23267,0.0
CDFS_23269,0.0
CDFS_23274,0.01
CDFS_23276,0.1
CDFS_23285,0.0
CDFS_23292,0.2
CDFS_23295,0.01
CDFS_23309,0.0
CDFS_23313,0.01
CDFS_23320,0.4
CDFS_23322,0.0
CDFS_23324,0.3
CDFS_23325,0.9
CDFS_23336,0.0
CDFS_23349,0.01
CDFS_23350,0.0
CDFS_23360,0.1
CDFS_23375,0.0
CDFS_23378,0.5
CDFS_23379,0.0
CDFS_23386,0.0
CDFS_23389,0.0
CDFS_23391,0.0
CDFS_23408,0.5
CDFS_23422,0.01
CDFS_23423,0.0
CDFS_23426,0.0
CDFS_23427,0.0
CDFS_23428,0.0
CDFS_23436,0.01
CDFS_23441,0.2
CDFS_23447,0.0
CDFS_23448,0.01
CDFS_23450,0.2
CDFS_23457,0.01
CDFS_23458,0.0
CDFS_23460,0.0
CDFS_23462,0.01
CDFS_23475,0.3
CDFS_23478,0.01
CDFS_23480,0.01
CDFS_23489,0.2
CDFS_23494,0.1
CDFS_23495,0.0
CDFS_23501,0.1
CDFS_23505,0.0
CDFS_23508,0.2
CDFS_23522,0.01
CDFS_23523,0.0
CDFS_23531,0.2
CDFS_23533,0.1
CDFS_23544,0.0
CDFS_23545,0.1
CDFS_23548,0.2
CDFS_23554,0.0
CDFS_23557,0.0
CDFS_23559,0.3
CDFS_23566,0.0
CDFS_23567,0.3
CDFS_23568,0.0
CDFS_23570,0.0
CDFS_23571,0.2
CDFS_23572,0.1
CDFS_23581,0.1
CDFS_23582,0.1
CDFS_23583,0.0
CDFS_23591,0.2
CDFS_23610,0.0
CDFS_23613,0.3
CDFS_23639,0.0
CDFS_23640,0.0
CDFS_23642,0.0
CDFS_23647,0.0
CDFS_23650,0.0
CDFS_23667,0.0
CDFS_23668,0.2
CDFS_23679,0.5
CDFS_23681,0.2
CDFS_23685,0.8
CDFS_23698,0.0
CDFS_23709,0.0
CDFS_23716,0.01
CDFS_23719,0.0
CDFS_23721,0.3
CDFS_23732,0.01
CDFS_23736,0.2
CDFS_23737,0.0
CDFS_23742,0.2
CDFS_23750,0.8
CDFS_23752,0.01
CDFS_23773,0.0
CDFS_23775,0.3
CDFS_23785,0.4
CDFS_23795,0.0
CDFS_23798,0.7
CDFS_23802,0.1
CDFS_23807,0.0
CDFS_23811,0.0
CDFS_23832,0.2
CDFS_23835,0.4
CDFS_23845,0.01
CDFS_23851,0.0
CDFS_23870,0.0
CDFS_23872,0.0
CDFS_23876,0.0
CDFS_23881,0.0
CDFS_23883,0.1
CDFS_23884,0.0
CDFS_23887,0.0
CDFS_23899,0.01
CDFS_23903,0.01
CDFS_23913,0.6
CDFS_23915,0.0
CDFS_23917,0.1
CDFS_23918,0.6
CDFS_23930,0.0
CDFS_23933,0.2
CDFS_23937,0.2
CDFS_23938,0.4
CDFS_23945,0.0
CDFS_23952,0.01
CDFS_23955,0.1
CDFS_23961,0.01
CDFS_23962,0.3
CDFS_23973,0.0
CDFS_23986,0.0
CDFS_23991,0.1
CDFS_23993,0.0
CDFS_24000,0.5
CDFS_24001,0.5
CDFS_24002,0.0
CDFS_24003,0.0
CDFS_24009,0.01
CDFS_24014,0.0
CDFS_24015,0.2
CDFS_24021,0.01
CDFS_24023,0.8
CDFS_28553,0.0
CDFS_24033,0.7
CDFS_24035,0.0
CDFS_24042,0.1
CDFS_24048,0.1
CDFS_24062,0.6
CDFS_24066,0.2
CDFS_24075,0.0
CDFS_24082,0.7
CDFS_24087,0.2
CDFS_24092,0.1
CDFS_24093,0.3
CDFS_24105,0.0
CDFS_24106,0.2
CDFS_24107,0.2
CDFS_24111,0.0
CDFS_24117,0.0
CDFS_24121,0.0
CDFS_24129,0.1
CDFS_24131,0.0
CDFS_24133,0.01
CDFS_24136,0.01
CDFS_24140,0.01
CDFS_24141,0.01
CDFS_24145,0.0
CDFS_24147,0.0
CDFS_24148,0.1
CDFS_24150,0.4
CDFS_24152,0.1
CDFS_24157,0.01
CDFS_24159,0.0
CDFS_24175,0.01
CDFS_24187,0.2
CDFS_24188,0.0
CDFS_24195,0.4
CDFS_24199,0.0
CDFS_24203,0.01
CDFS_24225,0.0
CDFS_24257,0.01
CDFS_24270,0.01
CDFS_24286,0.0
CDFS_24303,0.7
CDFS_24305,0.4
CDFS_24314,0.0
CDFS_24341,0.0
CDFS_24345,0.0
CDFS_24350,0.0
CDFS_24352,0.1
CDFS_24372,0.0
CDFS_24377,0.0
CDFS_24379,0.01
CDFS_24391,0.0
CDFS_24392,0.0
CDFS_24395,0.1
CDFS_24397,0.01
CDFS_24410,0.0
CDFS_24430,0.0
CDFS_24441,0.1
CDFS_24445,0.2
CDFS_24449,0.0
CDFS_24461,0.0
CDFS_24472,0.0
CDFS_24474,0.9
CDFS_24478,0.0
CDFS_24480,0.4
CDFS_24483,0.1
CDFS_24486,0.4
CDFS_24492,0.2
CDFS_24497,0.3
CDFS_24501,0.0
CDFS_24505,0.3
CDFS_24511,0.01
CDFS_24515,0.7
CDFS_24518,0.0
CDFS_24522,0.1
CDFS_24524,0.1
CDFS_24526,0.01
CDFS_24527,0.0
CDFS_24540,0.5
CDFS_24544,0.0
CDFS_24545,0.0
CDFS_24549,0.01
CDFS_24552,0.8
CDFS_24558,0.1
CDFS_24568,0.5
CDFS_24569,0.0
CDFS_24579,0.0
CDFS_24593,0.0
CDFS_24599,0.0
CDFS_24604,0.0
CDFS_24606,0.4
CDFS_24615,0.01
CDFS_24631,0.0
CDFS_24652,0.0
CDFS_24660,0.01
CDFS_24663,0.4
CDFS_24666,0.01
CDFS_24671,0.0
CDFS_24677,0.2
CDFS_24679,0.0
CDFS_24680,0.0
CDFS_24692,0.01
CDFS_24697,0.0
CDFS_24698,0.0
CDFS_24701,0.2
CDFS_24702,0.0
CDFS_24706,0.0
CDFS_24710,0.2
CDFS_24712,0.0
CDFS_24715,0.01
CDFS_24728,0.4
CDFS_24730,0.01
CDFS_24732,0.1
CDFS_24738,0.0
CDFS_24740,0.1
CDFS_24746,0.0
CDFS_24749,0.01
CDFS_24755,0.01
CDFS_24767,0.01
CDFS_24768,0.2
CDFS_24773,0.0
CDFS_24776,0.0
CDFS_24778,0.2
CDFS_24779,0.1
CDFS_24786,0.4
CDFS_24788,0.01
CDFS_24796,0.0
CDFS_24798,0.3
CDFS_24799,0.1
CDFS_24802,0.1
CDFS_24808,0.5
CDFS_24810,0.1
CDFS_24812,0.0
CDFS_24827,0.01
CDFS_24828,0.5
CDFS_24837,0.1
CDFS_24843,0.0
CDFS_24853,0.2
CDFS_24854,0.0
CDFS_24860,0.01
CDFS_24872,0.0
CDFS_24877,0.0
CDFS_24880,0.0
CDFS_24887,0.3
CDFS_24888,0.1
CDFS_24891,0.01
CDFS_24902,0.2
CDFS_24909,0.01
CDFS_24911,0.0
CDFS_24914,0.0
CDFS_24920,0.0
CDFS_24922,0.3
CDFS_24923,0.1
CDFS_24929,0.0
CDFS_24941,0.0
CDFS_24943,0.0
CDFS_24944,0.0
CDFS_24945,0.0
CDFS_24949,0.2
CDFS_24951,0.01
CDFS_24957,0.0
CDFS_24965,0.01
CDFS_24970,0.0
CDFS_24978,0.0
CDFS_24979,0.0
CDFS_24992,0.0
CDFS_24993,0.2
CDFS_24997,0.1
CDFS_25002,0.1
CDFS_25017,0.0
CDFS_25021,0.0
CDFS_25022,0.5
CDFS_25023,0.2
CDFS_25025,0.1
CDFS_25028,0.1
CDFS_25030,0.0
CDFS_25038,0.3
CDFS_25051,0.01
CDFS_25066,0.3
CDFS_25074,0.0
CDFS_25080,0.2
CDFS_25083,0.01
CDFS_25084,0.1
CDFS_25091,0.7
CDFS_25093,0.2
CDFS_25095,0.0
CDFS_25098,0.1
CDFS_25100,0.0
CDFS_25110,0.1
CDFS_25120,0.01
CDFS_25123,0.01
CDFS_25129,0.0
CDFS_25134,0.0
CDFS_25142,0.0
CDFS_25147,0.0
CDFS_25158,0.0
CDFS_25165,0.01
CDFS_25171,0.0
CDFS_25178,0.0
CDFS_25179,0.01
CDFS_25181,0.1
CDFS_25188,0.1
CDFS_25189,0.0
CDFS_25194,0.1
CDFS_25200,0.3
CDFS_25202,0.0
CDFS_25206,0.0
CDFS_25210,0.0
CDFS_25216,0.9
CDFS_25222,0.0
CDFS_25230,0.3
CDFS_25234,0.1
CDFS_25238,0.0
CDFS_25241,0.1
CDFS_25246,0.6
CDFS_25252,0.0
CDFS_25261,0.0
CDFS_25263,0.01
CDFS_25267,0.0
CDFS_25268,0.01
CDFS_25272,0.0
CDFS_25273,0.2
CDFS_29669,0.01
CDFS_25274,0.2
CDFS_25277,0.0
CDFS_25280,0.1
CDFS_25285,0.1
CDFS_25286,0.1
CDFS_25288,0.0
CDFS_25303,0.2
CDFS_25305,0.1
CDFS_25306,0.3
CDFS_25312,0.0
CDFS_25314,0.3
CDFS_25317,0.0
CDFS_25335,0.2
CDFS_25340,0.01
CDFS_25344,0.0
CDFS_25346,0.3
CDFS_25347,0.6
CDFS_25348,0.0
CDFS_25355,0.0
CDFS_25357,0.5
CDFS_25358,0.6
CDFS_25371,0.0
CDFS_25382,0.2
CDFS_25384,0.01
CDFS_25386,0.3
CDFS_25388,0.0
CDFS_25415,0.0
CDFS_25436,0.0
CDFS_25438,0.0
CDFS_25441,0.2
CDFS_25446,0.2
CDFS_25466,0.0
CDFS_25481,0.01
CDFS_25484,0.01
CDFS_25485,0.6
CDFS_25490,0.2
CDFS_25493,0.9
CDFS_25494,0.0
CDFS_25499,0.2
CDFS_25504,0.0
CDFS_25506,0.0
CDFS_25514,0.0
CDFS_25521,0.0
CDFS_25537,0.0
CDFS_25544,0.0
CDFS_25554,0.01
CDFS_25567,0.1
CDFS_25569,0.1
CDFS_25572,0.1
CDFS_25576,0.01
CDFS_25585,0.01
CDFS_25588,0.5
CDFS_25592,0.2
CDFS_25602,0.0
CDFS_25606,0.1
CDFS_25625,0.3
CDFS_25641,0.0
CDFS_25643,0.5
CDFS_25652,0.4
CDFS_25654,0.4
CDFS_25663,0.2
CDFS_25665,0.1
CDFS_25668,0.0
CDFS_25670,0.2
CDFS_25674,0.0
CDFS_25691,0.1
CDFS_25693,0.3
CDFS_25700,0.0
CDFS_25707,0.2
CDFS_25716,0.0
CDFS_25719,0.0
CDFS_25720,0.1
CDFS_25728,0.0
CDFS_25729,0.3
CDFS_25750,0.01
CDFS_25751,0.0
CDFS_25752,0.8
CDFS_25753,0.2
CDFS_25756,0.0
CDFS_25766,0.6
CDFS_25769,0.5
CDFS_25770,0.1
CDFS_25772,0.2
CDFS_25774,0.01
CDFS_25775,0.4
CDFS_25783,0.0
CDFS_25784,0.4
CDFS_25788,0.0
CDFS_25789,0.0
CDFS_25797,0.0
CDFS_25807,0.0
CDFS_25816,0.0
CDFS_25825,0.3
CDFS_25828,0.3
CDFS_25833,0.4
CDFS_25840,0.0
CDFS_25845,0.0
CDFS_25846,0.01
CDFS_25856,0.0
CDFS_25865,0.3
CDFS_25871,0.0
CDFS_25876,0.0
CDFS_25877,0.4
CDFS_25879,0.0
CDFS_25882,0.1
CDFS_25889,0.0
CDFS_25893,0.5
CDFS_25901,0.0
CDFS_25902,0.5
CDFS_25908,0.01
CDFS_25909,0.0
CDFS_25917,0.01
CDFS_25921,0.6
CDFS_25923,0.2
CDFS_25925,0.0
CDFS_25928,0.1
CDFS_25931,0.2
CDFS_25939,0.2
CDFS_25942,0.1
CDFS_25943,0.1
CDFS_25968,0.2
CDFS_25988,0.4
CDFS_25994,0.4
CDFS_25999,0.9
CDFS_26010,0.0
CDFS_26011,0.0
CDFS_26012,0.1
CDFS_26024,0.3
CDFS_26028,0.0
CDFS_26036,0.1
CDFS_26043,0.1
CDFS_26045,0.1
CDFS_26048,0.4
CDFS_26052,0.1
CDFS_26054,0.0
CDFS_26056,0.0
CDFS_26067,0.1
CDFS_26077,0.0
CDFS_26083,0.1
CDFS_26084,0.01
CDFS_26085,0.2
CDFS_26087,0.0
CDFS_26093,0.0
CDFS_26094,0.1
CDFS_26107,0.6
CDFS_26109,0.0
CDFS_26116,0.01
CDFS_26119,0.1
CDFS_26142,0.0
CDFS_26143,0.0
CDFS_26144,0.3
CDFS_26147,0.2
CDFS_26153,0.3
CDFS_26164,0.1
CDFS_26173,0.1
CDFS_26174,0.2
CDFS_26178,0.0
CDFS_26183,0.0
CDFS_26185,0.0
CDFS_26188,0.0
CDFS_26196,0.2
CDFS_26197,0.0
CDFS_26198,0.01
CDFS_26218,0.0
CDFS_26223,0.7
CDFS_26244,0.0
CDFS_26246,0.0
CDFS_26248,0.01
CDFS_26252,0.0
CDFS_26253,0.0
CDFS_26259,0.1
CDFS_26262,0.01
CDFS_26263,0.3
CDFS_26268,0.3
CDFS_26269,0.0
CDFS_26270,0.6
CDFS_26271,0.1
CDFS_26283,0.0
CDFS_26290,0.1
CDFS_26292,0.01
CDFS_26298,0.01
CDFS_26301,0.0
CDFS_26303,0.1
CDFS_26305,0.4
CDFS_26316,0.01
CDFS_26319,0.4
CDFS_26332,0.1
CDFS_26333,0.2
CDFS_26335,0.4
CDFS_26340,0.0
CDFS_26343,0.01
CDFS_26346,0.1
CDFS_26353,0.1
CDFS_26356,0.1
CDFS_26359,0.0
CDFS_26363,0.0
CDFS_26369,0.0
CDFS_26385,0.1
CDFS_26388,0.0
CDFS_26398,0.3
CDFS_26400,0.0
CDFS_26413,0.01
CDFS_26415,0.3
CDFS_26421,0.3
CDFS_26422,0.1
CDFS_26424,0.0
CDFS_26431,0.1
CDFS_26433,0.1
CDFS_26436,0.01
CDFS_26439,0.01
CDFS_26447,0.1
CDFS_26450,0.01
CDFS_26456,0.0
CDFS_26458,0.0
CDFS_26460,0.4
CDFS_26465,0.8
CDFS_26468,0.3
CDFS_26474,0.3
CDFS_26479,0.0
CDFS_26483,0.01
CDFS_26491,0.0
CDFS_26492,0.3
CDFS_26506,0.0
CDFS_26513,0.0
CDFS_26521,0.5
CDFS_26527,0.6
CDFS_26538,0.1
CDFS_26559,0.01
CDFS_26561,0.0
CDFS_26562,0.0
CDFS_26563,0.1
CDFS_26565,0.2
CDFS_26569,0.1
CDFS_26570,0.0
CDFS_26575,0.1
CDFS_26578,0.0
CDFS_26580,0.2
CDFS_26581,0.0
CDFS_26592,0.1
CDFS_26607,0.0
CDFS_26617,0.0
CDFS_26620,0.3
CDFS_26626,0.3
CDFS_26627,0.2
CDFS_26634,0.1
CDFS_26635,0.5
CDFS_26640,0.1
CDFS_26641,0.2
CDFS_26643,0.2
CDFS_26644,0.0
CDFS_29957,0.1
CDFS_26657,0.0
CDFS_26658,0.6
CDFS_26664,0.0
CDFS_26666,0.01
CDFS_26667,0.4
CDFS_26671,0.1
CDFS_26685,0.0
CDFS_26691,0.3
CDFS_26692,0.1
CDFS_26695,0.01
CDFS_26696,0.0
CDFS_26702,0.2
CDFS_26703,0.01
CDFS_26711,0.0
CDFS_26714,0.0
CDFS_26716,0.3
CDFS_26724,0.3
CDFS_26725,0.0
CDFS_26730,0.4
CDFS_26733,0.01
CDFS_26739,0.0
CDFS_26750,0.0
CDFS_26751,0.01
CDFS_26753,0.1
CDFS_26759,0.4
CDFS_26770,0.1
CDFS_26771,0.0
CDFS_26778,0.3
CDFS_26779,0.2
CDFS_26787,0.1
CDFS_26789,0.0
CDFS_26795,0.1
CDFS_26798,0.01
CDFS_26805,0.0
CDFS_26809,0.0
CDFS_26812,0.01
CDFS_26813,0.2
CDFS_26816,0.6
CDFS_26819,0.1
CDFS_26823,0.0
CDFS_26824,0.0
CDFS_26827,0.0
CDFS_26831,0.4
CDFS_26850,0.2
CDFS_26856,0.2
CDFS_26862,0.01
CDFS_26878,0.0
CDFS_26884,0.2
CDFS_26893,0.0
CDFS_26894,0.2
CDFS_26898,0.0
CDFS_26910,0.2
CDFS_26913,0.0
CDFS_26915,0.0
CDFS_26917,0.1
CDFS_26928,0.1
CDFS_26943,0.1
CDFS_26948,0.0
CDFS_26968,0.01
CDFS_26971,0.0
CDFS_26974,0.2
CDFS_26986,0.0
CDFS_26991,0.5
CDFS_26997,0.0
CDFS_27007,0.0
CDFS_27010,0.2
CDFS_27015,0.0
CDFS_27018,0.0
CDFS_27026,0.0
CDFS_27032,0.1
CDFS_27050,0.0
CDFS_27062,0.1
CDFS_27068,0.1
CDFS_27094,0.0
CDFS_27101,0.1
CDFS_27102,0.2
CDFS_27114,0.1
CDFS_27125,0.0
CDFS_27127,0.01
CDFS_27129,0.1
CDFS_27137,0.0
CDFS_27138,0.01
CDFS_27140,0.1
CDFS_27151,0.2
CDFS_27158,0.1
CDFS_27159,0.0
CDFS_27170,0.01
CDFS_27174,0.0
CDFS_27177,0.01
CDFS_27199,0.1
CDFS_27200,0.2
CDFS_27201,0.2
CDFS_27213,0.1
CDFS_27214,0.1
CDFS_27229,0.4
CDFS_27231,0.4
CDFS_27237,0.3
CDFS_27238,0.2
CDFS_27243,0.0
CDFS_27246,0.0
CDFS_27265,0.0
CDFS_27268,0.6
CDFS_27275,0.0
CDFS_27276,0.1
CDFS_27286,0.0
CDFS_27295,0.2
CDFS_27320,0.0
CDFS_27328,0.2
CDFS_27329,0.0
CDFS_27330,0.0
CDFS_27338,0.01
CDFS_27344,0.01
CDFS_27345,0.0
CDFS_27362,0.0
CDFS_27366,0.1
CDFS_27371,0.0
CDFS_27379,0.01
CDFS_27382,0.2
CDFS_27384,0.3
CDFS_27385,0.01
CDFS_27386,0.1
CDFS_27388,0.0
CDFS_27405,0.01
CDFS_27419,0.5
CDFS_27422,0.01
CDFS_27434,0.0
CDFS_27447,0.01
CDFS_27452,0.0
CDFS_27458,0.2
CDFS_27474,0.0
CDFS_27479,0.1
CDFS_27483,0.2
CDFS_27484,0.6
CDFS_27485,0.5
CDFS_27492,0.0
CDFS_27501,0.2
CDFS_27505,0.0
CDFS_27509,0.01
CDFS_27517,0.3
CDFS_27519,0.0
CDFS_27526,0.0
CDFS_30066,0.4
CDFS_27532,0.01
CDFS_27534,0.0
CDFS_27540,0.0
CDFS_27550,0.5
CDFS_27558,0.4
CDFS_27560,0.01
CDFS_27571,0.0
CDFS_27575,0.2
CDFS_27581,0.1
CDFS_27582,0.0
CDFS_27586,0.1
CDFS_27589,0.1
CDFS_27592,0.2
CDFS_27594,0.2
CDFS_27597,0.0
CDFS_27598,0.0
CDFS_27605,0.4
CDFS_27615,0.0
CDFS_27624,0.0
CDFS_27627,0.2
CDFS_27629,0.0
CDFS_27630,0.0
CDFS_27634,0.0
CDFS_27638,0.0
CDFS_27640,0.01
CDFS_27650,0.01
CDFS_27671,0.9
CDFS_27676,0.1
CDFS_27681,0.2
CDFS_27683,0.5
CDFS_27687,0.1
CDFS_27688,0.0
CDFS_27690,0.01
CDFS_27691,0.0
CDFS_27699,0.8
CDFS_27706,0.1
CDFS_27707,0.0
CDFS_27708,0.3
CDFS_27712,0.2
CDFS_27713,0.0
CDFS_27716,0.2
CDFS_27719,0.0
CDFS_27721,0.0
CDFS_27726,0.1
CDFS_27728,0.0
CDFS_27733,0.2
CDFS_27740,0.0
CDFS_27751,0.01
CDFS_27755,0.0
CDFS_27774,0.0
CDFS_27775,0.0
CDFS_27776,0.0
CDFS_27788,0.01
CDFS_27793,0.1
CDFS_27799,0.01
CDFS_27800,0.1
CDFS_27803,0.3
CDFS_27805,0.2
CDFS_27807,0.0
CDFS_27818,0.6
CDFS_27820,0.0
CDFS_27826,0.9
CDFS_27831,0.0
CDFS_27836,0.0
CDFS_27839,0.0
CDFS_27841,0.3
CDFS_27845,0.4
CDFS_27850,0.01
CDFS_27855,0.1
CDFS_27858,0.8
CDFS_27864,0.1
CDFS_27873,0.5
CDFS_27879,0.0
CDFS_27880,0.3
CDFS_27883,0.2
CDFS_27888,0.1
CDFS_27889,0.3
CDFS_27892,0.0
CDFS_27896,0.2
CDFS_27901,0.3
CDFS_27907,0.6
CDFS_27917,0.1
CDFS_27923,0.7
CDFS_27925,0.2
CDFS_27934,0.0
CDFS_27935,0.01
CDFS_27936,0.01
CDFS_27945,0.0
CDFS_27947,0.0
CDFS_27953,0.01
CDFS_27956,0.0
CDFS_27959,0.2
CDFS_27962,0.0
CDFS_27965,0.0
CDFS_27970,0.3
CDFS_27971,0.5
CDFS_27992,0.1
CDFS_27998,0.0
CDFS_28000,0.0
CDFS_28004,0.2
CDFS_28023,0.0
CDFS_28041,0.4
CDFS_28044,0.1
CDFS_28056,0.0
CDFS_28059,0.3
CDFS_30088,0.0
CDFS_28067,0.5
CDFS_28068,0.1
CDFS_28072,0.2
CDFS_28077,0.5
CDFS_28082,0.0
CDFS_28088,0.7
CDFS_28089,0.0
CDFS_28100,0.6
CDFS_28103,0.0
CDFS_28122,0.0
CDFS_28135,0.0
CDFS_28136,0.1
CDFS_28139,0.0
CDFS_28141,0.01
CDFS_28143,0.3
CDFS_28145,0.0
CDFS_28156,0.4
CDFS_28169,0.2
CDFS_28183,0.2
CDFS_28190,0.01
CDFS_28192,0.1
CDFS_28193,0.2
CDFS_28222,0.0
CDFS_28224,0.0
CDFS_28225,0.01
CDFS_28236,0.1
CDFS_28241,0.5
CDFS_28242,0.1
CDFS_28250,0.0
CDFS_28258,0.1
CDFS_28259,0.0
CDFS_28269,0.0
CDFS_28290,0.0
CDFS_28292,0.3
CDFS_28297,0.0
CDFS_28306,0.2
CDFS_28309,0.0
CDFS_28319,0.0
CDFS_28340,0.2
CDFS_28343,0.3
CDFS_28345,0.0
CDFS_28377,0.1
CDFS_28378,0.2
CDFS_28382,0.2
CDFS_28394,0.1
CDFS_28396,0.1
CDFS_28397,0.0
CDFS_28400,0.0
CDFS_28425,0.7
CDFS_28430,0.01
CDFS_28432,0.0
CDFS_28434,0.1
CDFS_28437,0.1
CDFS_28441,0.2
CDFS_28452,0.3
CDFS_28456,0.1
CDFS_28461,0.0
CDFS_28486,0.0
CDFS_28495,0.01
CDFS_28497,0.1
CDFS_28501,0.01
CDFS_28503,0.5
CDFS_28507,0.1
CDFS_28508,0.1
CDFS_28529,0.0
CDFS_28531,0.0
CDFS_28535,0.4
CDFS_28537,0.1
CDFS_28542,0.0
CDFS_28566,0.0
CDFS_28567,0.0
CDFS_28576,0.1
CDFS_28580,0.0
CDFS_28584,0.0
CDFS_28592,0.0
CDFS_28596,0.2
CDFS_28602,0.3
CDFS_28605,0.1
CDFS_28618,0.0
CDFS_28621,0.1
CDFS_28632,0.0
CDFS_28638,0.0
CDFS_28652,0.5
CDFS_28653,0.1
CDFS_28657,0.1
CDFS_28661,0.0
CDFS_28679,0.1
CDFS_28685,0.1
CDFS_28694,0.0
CDFS_28704,0.01
CDFS_28706,0.2
CDFS_28708,0.0
CDFS_28721,0.4
CDFS_28726,0.0
CDFS_28732,0.1
CDFS_28736,0.0
CDFS_28739,0.1
CDFS_28756,0.0
CDFS_28757,0.0
CDFS_28764,0.2
CDFS_28765,0.0
CDFS_28767,0.2
CDFS_28775,0.0
CDFS_28777,0.1
CDFS_28795,0.1
CDFS_28804,0.0
CDFS_28826,0.0
CDFS_28827,0.0
CDFS_28829,0.01
CDFS_28834,0.1
CDFS_28836,0.0
CDFS_28839,0.5
CDFS_28840,0.5
CDFS_28846,0.0
CDFS_28848,0.0
CDFS_28860,0.0
CDFS_28870,0.2
CDFS_28873,0.0
CDFS_28887,0.5
CDFS_28888,0.0
CDFS_28895,0.0
CDFS_28896,0.1
CDFS_28898,0.0
CDFS_28909,0.1
CDFS_28920,0.1
CDFS_28923,0.1
CDFS_28933,0.01
CDFS_28935,0.2
CDFS_28956,0.1
CDFS_28962,0.1
CDFS_28983,0.3
CDFS_28988,0.2
CDFS_29004,0.0
CDFS_29006,0.4
CDFS_29021,0.0
CDFS_29036,0.01
CDFS_29039,0.01
CDFS_29042,0.1
CDFS_29044,0.3
CDFS_29047,0.1
CDFS_29057,0.3
CDFS_29075,0.01
CDFS_29080,0.0
CDFS_29082,0.0
CDFS_29086,0.0
CDFS_29088,0.0
CDFS_29096,0.0
CDFS_29101,0.01
CDFS_29102,0.5
CDFS_29108,0.01
CDFS_29120,0.0
CDFS_29123,0.1
CDFS_29126,0.6
CDFS_29127,0.0
CDFS_29131,0.0
CDFS_29137,0.4
CDFS_29138,0.0
CDFS_29148,0.1
CDFS_29149,0.2
CDFS_29152,0.1
CDFS_29162,0.1
CDFS_29163,0.0
CDFS_29185,0.01
CDFS_29190,0.3
CDFS_29198,0.0
CDFS_29206,0.0
CDFS_29213,0.1
CDFS_29232,0.1
CDFS_29242,0.0
CDFS_29252,0.0
CDFS_29253,0.0
CDFS_29255,0.5
CDFS_29262,0.0
CDFS_29264,0.0
CDFS_29275,0.0
CDFS_29283,0.2
CDFS_29284,0.0
CDFS_29288,0.4
CDFS_29292,0.01
CDFS_29294,0.1
CDFS_29317,0.1
CDFS_29325,0.0
CDFS_29344,0.0
CDFS_29347,0.0
CDFS_29353,0.0
CDFS_29364,0.1
CDFS_29367,0.2
CDFS_29369,0.0
CDFS_29373,0.01
CDFS_29381,0.0
CDFS_29383,0.0
CDFS_29388,0.0
CDFS_29409,0.0
CDFS_29410,0.0
CDFS_29414,0.1
CDFS_29418,0.1
CDFS_29431,0.2
CDFS_29447,0.0
CDFS_29476,0.0
CDFS_29479,0.2
CDFS_29494,0.2
CDFS_29498,0.4
CDFS_29503,0.0
CDFS_29505,0.0
CDFS_29507,0.2
CDFS_29517,0.0
CDFS_29519,0.1
CDFS_29529,0.2
CDFS_29530,0.0
CDFS_29531,0.0
CDFS_29552,0.6
CDFS_29558,0.01
CDFS_29560,0.01
CDFS_29561,0.3
CDFS_29574,0.0
CDFS_29575,0.0
CDFS_29576,0.1
CDFS_29578,0.1
CDFS_29581,0.0
CDFS_29589,0.0
CDFS_29592,0.2
CDFS_29595,0.01
CDFS_29607,0.1
CDFS_29608,0.1
CDFS_29612,0.1
CDFS_29615,0.1
CDFS_29621,0.2
CDFS_29647,0.7
CDFS_29675,0.0
CDFS_29691,0.1
CDFS_29699,0.1
CDFS_29706,0.3
CDFS_29714,0.0
CDFS_29717,0.2
CDFS_29738,0.2
CDFS_29741,0.4
CDFS_29742,0.6
CDFS_29743,0.2
CDFS_29753,0.2
CDFS_29777,0.0
CDFS_29790,0.1
CDFS_29798,0.3
CDFS_29824,0.0
CDFS_29829,0.2
CDFS_29842,0.1
CDFS_29851,0.2
CDFS_29853,0.01
CDFS_29865,0.0
CDFS_29871,0.2
CDFS_29874,0.0
CDFS_29876,0.0
CDFS_29903,0.2
CDFS_29910,0.1
CDFS_29913,0.0
CDFS_29927,0.0
CDFS_29937,0.0
CDFS_29941,0.1
CDFS_29959,0.1
CDFS_29966,0.1
CDFS_29969,0.1
CDFS_29971,0.0
CDFS_29972,0.0
CDFS_29973,0.0
CDFS_29976,0.0
CDFS_29987,0.1
CDFS_29988,0.0
CDFS_29993,0.0
CDFS_30017,0.1
CDFS_30038,0.01
CDFS_30045,0.01
CDFS_30049,0.1
CDFS_30053,0.0
CDFS_30055,0.0
CDFS_30060,0.0
CDFS_30062,0.01
CDFS_30070,0.0
CDFS_30072,0.0
CDFS_30082,0.1
CDFS_30084,0.0
CDFS_30106,0.2
CDFS_30108,0.0
CDFS_30110,0.0
CDFS_30114,0.0
CDFS_30118,0.0
CDFS_30122,0.2
CDFS_30133,0.0
CDFS_30135,0.1
CDFS_30151,0.4
CDFS_30159,0.01
CDFS_30162,0.2
CDFS_30172,0.01
CDFS_30185,0.0
CDFS_30229,0.0
CDFS_30238,0.0
CDFS_30244,0.0
CDFS_30249,0.0
CDFS_30273,0.0
CDFS_30290,0.5
CDFS_30432,0.3
CDFS_30446,0.1
CDFS_30447,0.2
CDFS_30499,0.1
CDFS_30503,0.7
CDFS_30521,0.0
CDFS_30540,0.1
CDFS_30577,0.0
CDFS_30579,0.0
CDFS_30655,0.1
CDFS_30670,0.2
CDFS_30718,0.0
CDFS_30728,0.01
CDFS_30734,0.2
CDFS_30759,0.01
CDFS_30778,0.0
CDFS_30779,0.0
CDFS_30785,0.0
CDFS_30810,0.1
COSMOS_624,0.1
COSMOS_667,0.0
COSMOS_668,0.5
COSMOS_674,0.01
COSMOS_679,0.0
COSMOS_693,0.1
COSMOS_694,0.7
COSMOS_696,0.4
COSMOS_704,0.0
COSMOS_707,0.01
COSMOS_714,0.0
COSMOS_716,0.2
COSMOS_725,0.0
COSMOS_728,0.0
COSMOS_733,0.0
COSMOS_735,0.0
COSMOS_744,0.0
COSMOS_745,0.1
COSMOS_750,0.0
COSMOS_753,0.3
COSMOS_759,0.0
COSMOS_768,0.01
COSMOS_778,0.4
COSMOS_783,0.6
COSMOS_799,0.1
COSMOS_800,0.6
COSMOS_805,0.0
COSMOS_816,0.2
COSMOS_826,0.1
COSMOS_827,0.0
COSMOS_828,0.01
COSMOS_842,0.01
COSMOS_847,0.0
COSMOS_857,0.0
COSMOS_873,0.6
COSMOS_888,0.2
COSMOS_889,0.0
COSMOS_899,0.1
COSMOS_902,0.0
COSMOS_911,0.5
COSMOS_912,0.1
COSMOS_914,0.1
COSMOS_917,0.01
COSMOS_922,0.0
COSMOS_923,0.0
COSMOS_927,0.3
COSMOS_929,0.3
COSMOS_933,0.6
COSMOS_934,0.6
COSMOS_942,0.0
COSMOS_948,0.6
COSMOS_951,0.1
COSMOS_952,0.5
COSMOS_953,0.0
COSMOS_958,0.1
COSMOS_963,0.0
COSMOS_966,0.2
COSMOS_972,0.0
COSMOS_978,0.1
COSMOS_980,0.1
COSMOS_991,0.01
COSMOS_1008,0.8
COSMOS_1009,0.01
COSMOS_1010,0.0
COSMOS_1012,0.01
COSMOS_1015,0.01
COSMOS_1020,0.0
COSMOS_1036,0.3
COSMOS_1049,0.3
COSMOS_1053,0.0
COSMOS_1056,0.3
COSMOS_1060,0.1
COSMOS_1063,0.01
COSMOS_1066,0.0
COSMOS_1068,0.01
COSMOS_1072,0.0
COSMOS_1073,0.2
COSMOS_1076,0.3
COSMOS_1078,0.0
COSMOS_1089,0.0
COSMOS_1090,0.6
COSMOS_1098,0.0
COSMOS_1114,0.5
COSMOS_1117,0.4
COSMOS_1119,0.2
COSMOS_1123,0.0
COSMOS_1127,0.3
COSMOS_1131,0.0
COSMOS_1133,0.2
COSMOS_1138,0.4
COSMOS_1143,0.2
COSMOS_1144,0.0
COSMOS_1151,0.0
COSMOS_1159,0.01
COSMOS_1160,0.1
COSMOS_1162,0.5
COSMOS_1165,0.0
COSMOS_1169,0.6
COSMOS_1180,0.0
COSMOS_1192,0.0
COSMOS_1198,0.1
COSMOS_1206,0.0
COSMOS_1220,0.1
COSMOS_1228,0.2
COSMOS_1235,0.01
COSMOS_1254,0.2
COSMOS_1255,0.1
COSMOS_1260,0.0
COSMOS_1269,0.0
COSMOS_1270,0.01
COSMOS_1278,0.0
COSMOS_1293,0.0
COSMOS_1299,0.2
COSMOS_1303,0.0
COSMOS_1306,0.1
COSMOS_1316,0.1
COSMOS_1320,0.2
COSMOS_1330,0.2
COSMOS_1336,0.3
COSMOS_1337,0.2
COSMOS_1341,0.0
COSMOS_1342,0.0
COSMOS_1355,0.1
COSMOS_1357,0.0
COSMOS_1358,0.9
COSMOS_1364,0.0
COSMOS_1368,0.0
COSMOS_1373,0.1
COSMOS_1375,0.0
COSMOS_1381,0.0
COSMOS_1382,0.0
COSMOS_1383,0.1
COSMOS_1385,0.1
COSMOS_1402,0.1
COSMOS_1404,0.0
COSMOS_1407,0.01
COSMOS_1408,0.6
COSMOS_1409,0.5
COSMOS_1413,0.5
COSMOS_1420,0.1
COSMOS_1426,0.7
COSMOS_1428,0.1
COSMOS_1429,0.2
COSMOS_1432,0.3
COSMOS_1434,0.7
COSMOS_1441,0.0
COSMOS_1442,0.0
COSMOS_1443,0.5
COSMOS_1444,0.01
COSMOS_1446,0.1
COSMOS_1454,0.1
COSMOS_1455,0.2
COSMOS_1456,0.0
COSMOS_1459,0.1
COSMOS_1460,0.01
COSMOS_1463,0.2
COSMOS_1467,0.1
COSMOS_1476,0.2
COSMOS_1487,0.5
COSMOS_1493,0.1
COSMOS_1499,0.0
COSMOS_1500,0.4
COSMOS_1501,0.0
COSMOS_1504,0.5
COSMOS_1505,0.0
COSMOS_1515,0.3
COSMOS_1531,0.01
COSMOS_1540,0.3
COSMOS_1547,0.0
COSMOS_1555,0.3
COSMOS_1558,0.2
COSMOS_1561,0.3
COSMOS_1563,0.2
COSMOS_1570,0.01
COSMOS_1581,0.0
COSMOS_1585,0.1
COSMOS_1587,0.01
COSMOS_1591,0.4
COSMOS_1595,0.01
COSMOS_1602,0.2
COSMOS_1604,0.1
COSMOS_1613,0.9
COSMOS_1621,0.0
COSMOS_1627,0.1
COSMOS_1637,0.01
COSMOS_1638,0.2
COSMOS_1639,0.01
COSMOS_1642,0.0
COSMOS_1644,0.0
COSMOS_1663,0.1
COSMOS_1677,0.0
COSMOS_1682,0.6
COSMOS_1686,0.0
COSMOS_1691,0.0
COSMOS_1693,0.01
COSMOS_1698,0.2
COSMOS_1703,0.2
COSMOS_1711,0.4
COSMOS_1721,0.0
COSMOS_1726,0.0
COSMOS_1733,0.0
COSMOS_1734,0.0
COSMOS_1735,0.0
COSMOS_1736,0.9
COSMOS_1738,0.0
COSMOS_1743,0.0
COSMOS_1746,0.0
COSMOS_1753,0.0
COSMOS_1756,0.01
COSMOS_1767,0.01
COSMOS_1776,0.1
COSMOS_1785,0.0
COSMOS_1791,0.6
COSMOS_1796,0.0
COSMOS_1802,0.01
COSMOS_1804,0.0
COSMOS_1818,0.5
COSMOS_1821,0.0
COSMOS_1825,0.0
COSMOS_1830,0.0
COSMOS_1832,0.0
COSMOS_1838,0.2
COSMOS_1841,0.0
COSMOS_1846,0.0
COSMOS_1847,0.3
COSMOS_1848,0.4
COSMOS_1852,0.2
COSMOS_1856,0.0
COSMOS_1857,0.01
COSMOS_1862,0.01
COSMOS_1866,0.2
COSMOS_1871,0.0
COSMOS_1872,0.2
COSMOS_1876,0.0
COSMOS_1881,0.7
COSMOS_1883,0.0
COSMOS_1885,0.0
COSMOS_1886,0.1
COSMOS_1887,0.0
COSMOS_1890,0.1
COSMOS_1904,0.2
COSMOS_1912,0.0
COSMOS_1922,0.0
COSMOS_1931,0.3
COSMOS_1935,0.0
COSMOS_1950,0.0
COSMOS_1958,0.1
COSMOS_1963,0.01
COSMOS_1966,0.0
COSMOS_1971,0.7
COSMOS_1974,0.4
COSMOS_1986,0.2
COSMOS_1996,0.2
COSMOS_2006,0.01
COSMOS_2008,0.2
COSMOS_2014,0.01
COSMOS_2015,0.0
COSMOS_2020,0.01
COSMOS_2057,0.5
COSMOS_2060,0.0
COSMOS_2061,0.01
COSMOS_2067,0.0
COSMOS_2069,0.1
COSMOS_2105,0.0
COSMOS_2106,0.3
COSMOS_2114,0.6
COSMOS_2126,0.9
COSMOS_2135,0.0
COSMOS_2150,0.0
COSMOS_2151,0.5
COSMOS_2152,0.5
COSMOS_2154,0.2
COSMOS_2157,0.0
COSMOS_2161,0.0
COSMOS_2162,0.1
COSMOS_2164,0.0
COSMOS_2166,0.0
COSMOS_2173,0.0
COSMOS_2177,0.3
COSMOS_2181,0.9
COSMOS_2183,0.0
COSMOS_2190,0.0
COSMOS_2194,0.1
COSMOS_2197,0.4
COSMOS_2199,0.1
COSMOS_2204,0.1
COSMOS_2207,0.5
COSMOS_2220,0.1
COSMOS_2221,0.1
COSMOS_2223,0.8
COSMOS_2235,0.1
COSMOS_2241,0.0
COSMOS_2247,0.3
COSMOS_2248,0.1
COSMOS_2255,0.0
COSMOS_2264,0.1
COSMOS_2265,0.0
COSMOS_2266,0.5
COSMOS_2267,0.0
COSMOS_2273,0.0
COSMOS_2274,0.01
COSMOS_2281,0.0
COSMOS_2310,0.8
COSMOS_2318,0.6
COSMOS_2329,0.4
COSMOS_2338,0.1
COSMOS_2343,0.01
COSMOS_2350,0.4
COSMOS_2356,0.0
COSMOS_2364,0.01
COSMOS_2372,0.1
COSMOS_2376,0.0
COSMOS_2377,0.5
COSMOS_2378,0.0
COSMOS_2379,0.3
COSMOS_2381,0.0
COSMOS_2383,0.1
COSMOS_2390,0.0
COSMOS_2396,0.0
COSMOS_2397,0.4
COSMOS_2404,0.3
COSMOS_2408,0.0
COSMOS_2420,0.2
COSMOS_2424,0.2
COSMOS_2427,0.01
COSMOS_2428,0.3
COSMOS_2429,0.2
COSMOS_2434,0.2
COSMOS_2445,0.7
COSMOS_2452,0.7
COSMOS_2470,0.2
COSMOS_2472,0.0
COSMOS_2477,0.7
COSMOS_2478,0.0
COSMOS_2479,0.0
COSMOS_2482,0.1
COSMOS_2485,0.0
COSMOS_2492,0.2
COSMOS_2493,0.2
COSMOS_2510,0.2
COSMOS_2511,0.7
COSMOS_2522,0.1
COSMOS_2523,0.0
COSMOS_2533,0.0
COSMOS_2537,0.2
COSMOS_2544,0.01
COSMOS_2548,0.01
COSMOS_2556,0.3
COSMOS_2557,0.2
COSMOS_2560,0.7
COSMOS_2562,0.5
COSMOS_2563,0.0
COSMOS_2564,0.6
COSMOS_2566,0.8
COSMOS_2577,0.0
COSMOS_2581,0.0
COSMOS_2584,0.0
COSMOS_2587,0.0
COSMOS_2610,0.0
COSMOS_2618,0.3
COSMOS_2619,0.0
COSMOS_2621,0.0
COSMOS_2626,0.0
COSMOS_2633,0.2
COSMOS_2637,0.1
COSMOS_2664,0.0
COSMOS_2671,0.0
COSMOS_2674,0.1
COSMOS_2678,0.2
COSMOS_2687,0.4
COSMOS_2692,0.3
COSMOS_2695,0.0
COSMOS_2696,0.2
COSMOS_2697,0.0
COSMOS_2709,0.0
COSMOS_2711,0.01
COSMOS_2718,0.1
COSMOS_2722,0.0
COSMOS_2726,0.0
COSMOS_2734,0.0
COSMOS_2735,0.0
COSMOS_2740,0.01
COSMOS_2742,0.0
COSMOS_2745,0.4
COSMOS_2747,0.01
COSMOS_2748,0.4
COSMOS_2750,0.1
COSMOS_2752,0.0
COSMOS_2753,0.1
COSMOS_2765,0.0
COSMOS_2766,0.0
COSMOS_2770,0.3
COSMOS_2783,0.0
COSMOS_2786,0.1
COSMOS_2796,0.2
COSMOS_2800,0.3
COSMOS_2806,0.1
COSMOS_2811,0.0
COSMOS_2817,0.5
COSMOS_2819,0.01
COSMOS_2828,0.7
COSMOS_2830,0.0
COSMOS_2831,0.1
COSMOS_2834,0.0
COSMOS_2842,0.3
COSMOS_2843,0.0
COSMOS_2846,0.01
COSMOS_2847,0.01
COSMOS_2850,0.0
COSMOS_2851,0.1
COSMOS_2861,0.0
COSMOS_2882,0.01
COSMOS_2884,0.0
COSMOS_2889,0.0
COSMOS_2891,0.0
COSMOS_2899,0.2
COSMOS_2906,0.1
COSMOS_2908,0.8
COSMOS_2914,0.0
COSMOS_2921,0.01
COSMOS_2924,0.0
COSMOS_2929,0.1
COSMOS_2932,0.0
COSMOS_2935,0.6
COSMOS_2938,0.5
COSMOS_2944,0.1
COSMOS_2966,0.1
COSMOS_2985,0.1
COSMOS_2988,0.2
COSMOS_2994,0.0
COSMOS_2995,0.0
COSMOS_2996,0.0
COSMOS_2998,0.6
COSMOS_3004,0.1
COSMOS_3005,0.0
COSMOS_3006,0.1
COSMOS_3041,0.1
COSMOS_3045,0.0
COSMOS_3059,0.4
COSMOS_3063,0.2
COSMOS_3066,0.2
COSMOS_3067,0.3
COSMOS_3074,0.0
COSMOS_3080,0.1
COSMOS_3082,0.0
COSMOS_3088,0.01
COSMOS_3093,0.1
COSMOS_3095,0.0
COSMOS_3103,0.2
COSMOS_3105,0.5
COSMOS_3110,0.01
COSMOS_3113,0.2
COSMOS_3117,0.0
COSMOS_3121,0.2
COSMOS_3123,0.0
COSMOS_3131,0.0
COSMOS_3146,0.2
COSMOS_3147,0.3
COSMOS_3148,0.0
COSMOS_3149,0.0
COSMOS_3151,0.2
COSMOS_3152,0.2
COSMOS_3154,0.2
COSMOS_3156,0.0
COSMOS_3166,0.2
COSMOS_3173,0.0
COSMOS_3177,0.5
COSMOS_3179,0.3
COSMOS_3180,0.01
COSMOS_3182,0.1
COSMOS_3183,0.2
COSMOS_3195,0.1
COSMOS_3211,0.1
COSMOS_3214,0.0
COSMOS_3223,0.1
COSMOS_3224,0.0
COSMOS_3229,0.9
COSMOS_3230,0.01
COSMOS_3232,0.0
COSMOS_3233,0.2
COSMOS_3235,0.0
COSMOS_3237,0.2
COSMOS_3239,0.0
COSMOS_3240,0.1
COSMOS_3244,0.4
COSMOS_3245,0.0
COSMOS_3247,0.1
COSMOS_3248,0.5
COSMOS_3253,0.1
COSMOS_3254,0.0
COSMOS_3258,0.01
COSMOS_3261,0.7
COSMOS_3262,0.2
COSMOS_3266,0.0
COSMOS_3267,0.2
COSMOS_3277,0.0
COSMOS_3278,0.01
COSMOS_3279,0.0
COSMOS_3282,0.3
COSMOS_3285,0.0
COSMOS_3289,0.01
COSMOS_3295,0.1
COSMOS_3298,0.2
COSMOS_3310,0.0
COSMOS_3312,0.0
COSMOS_3322,0.0
COSMOS_3326,0.0
COSMOS_3345,0.5
COSMOS_3348,0.8
COSMOS_3350,0.0
COSMOS_3354,0.0
COSMOS_3366,0.5
COSMOS_3368,0.1
COSMOS_3370,0.2
COSMOS_3371,0.0
COSMOS_3372,0.1
COSMOS_3373,0.0
COSMOS_3389,0.01
COSMOS_3401,0.01
COSMOS_3407,0.0
COSMOS_3409,0.1
COSMOS_3422,0.0
COSMOS_3423,0.0
COSMOS_3424,0.5
COSMOS_3425,0.2
COSMOS_3434,0.01
COSMOS_3437,0.2
COSMOS_3444,0.01
COSMOS_3446,0.0
COSMOS_3451,0.0
COSMOS_3453,0.5
COSMOS_3454,0.0
COSMOS_3456,0.1
COSMOS_3457,0.0
COSMOS_3461,0.1
COSMOS_3471,0.3
COSMOS_3475,0.0
COSMOS_3476,0.0
COSMOS_3478,0.1
COSMOS_3485,0.0
COSMOS_3497,0.0
COSMOS_3512,0.0
COSMOS_3514,0.6
COSMOS_3516,0.2
COSMOS_3517,0.0
COSMOS_3518,0.2
COSMOS_3522,0.0
COSMOS_3528,0.8
COSMOS_3535,0.01
COSMOS_3539,0.1
COSMOS_3545,0.0
COSMOS_3552,0.0
COSMOS_3554,0.3
COSMOS_3555,0.5
COSMOS_3560,0.1
COSMOS_3563,0.2
COSMOS_3571,0.2
COSMOS_3574,0.3
COSMOS_3589,0.4
COSMOS_3590,0.2
COSMOS_3597,0.0
COSMOS_3603,0.0
COSMOS_3605,0.01
COSMOS_3606,0.0
COSMOS_3613,0.3
COSMOS_3629,0.3
COSMOS_3633,0.01
COSMOS_3639,0.0
COSMOS_3643,0.0
COSMOS_3656,0.4
COSMOS_3659,0.0
COSMOS_3665,0.0
COSMOS_3667,0.2
COSMOS_3679,0.3
COSMOS_3687,0.0
COSMOS_3689,0.0
COSMOS_3691,0.0
COSMOS_3697,0.1
COSMOS_3704,0.01
COSMOS_3706,0.0
COSMOS_3707,0.1
COSMOS_3711,0.0
COSMOS_3715,0.01
COSMOS_3716,0.4
COSMOS_3718,0.3
COSMOS_3727,0.3
COSMOS_3730,0.2
COSMOS_3731,0.1
COSMOS_3735,0.0
COSMOS_3741,0.1
COSMOS_3742,0.1
COSMOS_3747,0.2
COSMOS_3750,0.2
COSMOS_3752,0.0
COSMOS_3757,0.1
COSMOS_3761,0.1
COSMOS_3763,0.0
COSMOS_3770,0.0
COSMOS_3773,0.3
COSMOS_3779,0.3
COSMOS_3783,0.01
COSMOS_3784,0.2
COSMOS_3793,0.0
COSMOS_3795,0.0
COSMOS_3801,0.2
COSMOS_3812,0.0
COSMOS_3813,0.0
COSMOS_3820,0.0
COSMOS_3825,0.0
COSMOS_3830,0.5
COSMOS_3833,0.0
COSMOS_3835,0.2
COSMOS_3840,0.0
COSMOS_3842,0.0
COSMOS_3844,0.0
COSMOS_3845,0.01
COSMOS_3846,0.2
COSMOS_3851,0.0
COSMOS_3855,0.4
COSMOS_3860,0.01
COSMOS_3861,0.0
COSMOS_3862,0.1
COSMOS_3879,0.01
COSMOS_3881,0.3
COSMOS_3884,0.1
COSMOS_3885,0.1
COSMOS_3890,0.6
COSMOS_3891,0.0
COSMOS_3900,0.2
COSMOS_3904,0.1
COSMOS_3908,0.2
COSMOS_3909,0.0
COSMOS_3911,0.01
COSMOS_3912,0.3
COSMOS_3917,0.0
COSMOS_3922,0.0
COSMOS_3924,0.1
COSMOS_3925,0.4
COSMOS_3933,0.2
COSMOS_3936,0.1
COSMOS_3940,0.4
COSMOS_3942,0.1
COSMOS_3946,0.0
COSMOS_3947,0.1
COSMOS_3958,0.0
COSMOS_3960,0.0
COSMOS_3967,0.1
COSMOS_3969,0.4
COSMOS_3978,0.0
COSMOS_3982,0.4
COSMOS_3983,0.01
COSMOS_3988,0.0
COSMOS_3992,0.2
COSMOS_3993,0.1
COSMOS_3996,0.01
COSMOS_3998,0.0
COSMOS_4000,0.0
COSMOS_4001,0.6
COSMOS_4002,0.1
COSMOS_4006,0.3
COSMOS_4007,0.1
COSMOS_4009,0.0
COSMOS_4015,0.4
COSMOS_4019,0.1
COSMOS_4022,0.4
COSMOS_4033,0.0
COSMOS_4045,0.1
COSMOS_4057,0.0
COSMOS_4061,0.0
COSMOS_4064,0.1
COSMOS_4067,0.01
COSMOS_4073,0.7
COSMOS_4076,0.2
COSMOS_4081,0.2
COSMOS_4082,0.0
COSMOS_4083,0.0
COSMOS_4089,0.2
COSMOS_4091,0.5
COSMOS_4093,0.2
COSMOS_4101,0.2
COSMOS_4105,0.0
COSMOS_4108,0.2
COSMOS_4115,0.3
COSMOS_4132,0.0
COSMOS_4137,0.01
COSMOS_4138,0.2
COSMOS_4145,0.0
COSMOS_4148,0.0
COSMOS_4159,0.7
COSMOS_4166,0.0
COSMOS_4172,0.8
COSMOS_4175,0.01
COSMOS_4176,0.7
COSMOS_4187,0.01
COSMOS_4193,0.01
COSMOS_4194,0.0
COSMOS_4195,0.0
COSMOS_4215,0.0
COSMOS_4218,0.7
COSMOS_4225,0.0
COSMOS_4226,0.6
COSMOS_4228,0.1
COSMOS_4236,0.4
COSMOS_4247,0.3
COSMOS_4257,0.4
COSMOS_4261,0.0
COSMOS_4263,0.0
COSMOS_4271,0.0
COSMOS_4274,0.0
COSMOS_4275,0.01
COSMOS_4280,0.1
COSMOS_4282,0.1
COSMOS_4283,0.7
COSMOS_4291,0.2
COSMOS_4293,0.2
COSMOS_4304,0.4
COSMOS_4307,0.0
COSMOS_4308,0.2
COSMOS_4313,0.4
COSMOS_4323,0.01
COSMOS_4326,0.0
COSMOS_4332,0.5
COSMOS_4333,0.0
COSMOS_4335,0.0
COSMOS_4336,0.2
COSMOS_4338,0.0
COSMOS_4339,0.0
COSMOS_4340,0.0
COSMOS_4342,0.01
COSMOS_4345,0.0
COSMOS_4352,0.0
COSMOS_4353,0.2
COSMOS_4355,0.1
COSMOS_4357,0.2
COSMOS_4359,0.3
COSMOS_4361,0.2
COSMOS_4362,0.0
COSMOS_4368,0.4
COSMOS_4373,0.1
COSMOS_4382,0.0
COSMOS_4387,0.3
COSMOS_4389,0.0
COSMOS_4390,0.0
COSMOS_4391,0.2
COSMOS_4393,0.0
COSMOS_4395,0.0
COSMOS_4398,0.0
COSMOS_4400,0.5
COSMOS_4401,0.01
COSMOS_4403,0.01
COSMOS_4406,0.0
COSMOS_4411,0.4
COSMOS_4434,0.0
COSMOS_4438,0.0
COSMOS_4441,0.2
COSMOS_4445,0.8
COSMOS_4455,0.0
COSMOS_4457,0.0
COSMOS_4458,0.01
COSMOS_4461,0.3
COSMOS_4462,0.3
COSMOS_4468,0.0
COSMOS_4470,0.01
COSMOS_4473,0.7
COSMOS_4474,0.9
COSMOS_4478,0.0
COSMOS_4480,0.0
COSMOS_4490,0.1
COSMOS_4498,0.5
COSMOS_4500,0.0
COSMOS_4502,0.01
COSMOS_4504,0.2
COSMOS_4505,0.1
COSMOS_4506,0.0
COSMOS_4508,0.01
COSMOS_4509,0.0
COSMOS_4521,0.1
COSMOS_4530,0.0
COSMOS_4532,0.4
COSMOS_4533,0.0
COSMOS_4538,0.2
COSMOS_4542,0.01
COSMOS_4555,0.3
COSMOS_4568,0.0
COSMOS_4570,0.0
COSMOS_4572,0.01
COSMOS_4573,0.0
COSMOS_4575,0.5
COSMOS_4585,0.0
COSMOS_4586,0.3
COSMOS_4594,0.2
COSMOS_4611,0.6
COSMOS_4613,0.1
COSMOS_4619,0.0
COSMOS_4620,0.2
COSMOS_4626,0.0
COSMOS_4628,0.0
COSMOS_4629,0.0
COSMOS_4635,0.0
COSMOS_4639,0.0
COSMOS_4641,0.2
COSMOS_4645,0.0
COSMOS_4651,0.2
COSMOS_4653,0.0
COSMOS_4655,0.1
COSMOS_4657,0.01
COSMOS_4660,0.0
COSMOS_4663,0.3
COSMOS_4664,0.01
COSMOS_4669,0.8
COSMOS_4671,0.1
COSMOS_4672,0.3
COSMOS_4674,0.01
COSMOS_4676,0.0
COSMOS_4685,0.0
COSMOS_4689,0.5
COSMOS_4690,0.0
COSMOS_4691,0.0
COSMOS_4698,0.0
COSMOS_4715,0.0
COSMOS_4716,0.0
COSMOS_4718,0.2
COSMOS_4719,0.0
COSMOS_4726,0.5
COSMOS_4730,0.1
COSMOS_4732,0.01
COSMOS_4734,0.0
COSMOS_4737,0.0
COSMOS_4738,0.3
COSMOS_4739,0.01
COSMOS_4745,0.01
COSMOS_4746,0.0
COSMOS_4754,0.1
COSMOS_4757,0.0
COSMOS_4761,0.5
COSMOS_4765,0.0
COSMOS_4766,0.0
COSMOS_4767,0.01
COSMOS_4768,0.0
COSMOS_4771,0.0
COSMOS_4773,0.4
COSMOS_4774,0.1
COSMOS_4777,0.3
COSMOS_4781,0.3
COSMOS_4784,0.0
COSMOS_4786,0.3
COSMOS_4793,0.01
COSMOS_4798,0.1
COSMOS_4801,0.5
COSMOS_4809,0.0
COSMOS_4813,0.1
COSMOS_4816,0.0
COSMOS_4819,0.0
COSMOS_4820,0.0
COSMOS_4823,0.5
COSMOS_4826,0.4
COSMOS_4830,0.3
COSMOS_4838,0.0
COSMOS_4840,0.0
COSMOS_4844,0.2
COSMOS_4853,0.0
COSMOS_4856,0.2
COSMOS_4857,0.2
COSMOS_4860,0.7
COSMOS_4862,0.01
COSMOS_4864,0.0
COSMOS_4866,0.0
COSMOS_4870,0.0
COSMOS_4871,0.1
COSMOS_4872,0.0
COSMOS_4873,0.0
COSMOS_4875,0.2
COSMOS_4876,0.5
COSMOS_4888,0.0
COSMOS_4893,0.0
COSMOS_4896,0.0
COSMOS_4898,0.2
COSMOS_4904,0.01
COSMOS_4905,0.8
COSMOS_4906,0.1
COSMOS_4910,0.0
COSMOS_4918,0.1
COSMOS_4922,0.0
COSMOS_4923,0.2
COSMOS_4939,0.0
COSMOS_4946,0.2
COSMOS_4952,0.2
COSMOS_4953,0.2
COSMOS_4961,0.1
COSMOS_4964,0.0
COSMOS_4972,0.4
COSMOS_4975,0.0
COSMOS_4977,0.0
COSMOS_4978,0.0
COSMOS_4979,0.0
COSMOS_4980,0.01
COSMOS_4982,0.0
COSMOS_4987,0.0
COSMOS_4989,0.0
COSMOS_4991,0.4
COSMOS_4993,0.1
COSMOS_4996,0.0
COSMOS_5013,0.0
COSMOS_5018,0.3
COSMOS_5023,0.2
COSMOS_5027,0.1
COSMOS_5039,0.2
COSMOS_5051,0.0
COSMOS_5056,0.0
COSMOS_5057,0.1
COSMOS_5064,0.0
COSMOS_5066,0.0
COSMOS_5068,0.1
COSMOS_5073,0.3
COSMOS_5075,0.3
COSMOS_5081,0.01
COSMOS_5082,0.01
COSMOS_5084,0.6
COSMOS_5090,0.0
COSMOS_5091,0.2
COSMOS_5095,0.0
COSMOS_5097,0.01
COSMOS_5105,0.2
COSMOS_5110,0.0
COSMOS_5117,0.4
COSMOS_5118,0.3
COSMOS_5123,0.4
COSMOS_5136,0.0
COSMOS_5139,0.01
COSMOS_5143,0.1
COSMOS_5152,0.01
COSMOS_5155,0.5
COSMOS_5160,0.7
COSMOS_5166,0.3
COSMOS_5167,0.7
COSMOS_5170,0.0
COSMOS_5171,0.8
COSMOS_5173,0.0
COSMOS_5174,0.7
COSMOS_5192,0.2
COSMOS_5193,0.5
COSMOS_5194,0.0
COSMOS_5195,0.1
COSMOS_5197,0.5
COSMOS_5208,0.0
COSMOS_5216,0.0
COSMOS_5220,0.0
COSMOS_5229,0.0
COSMOS_5231,0.0
COSMOS_5232,0.0
COSMOS_5234,0.01
COSMOS_5235,0.1
COSMOS_5246,0.4
COSMOS_5249,0.0
COSMOS_5250,0.0
COSMOS_5252,0.0
COSMOS_5256,0.0
COSMOS_5262,0.01
COSMOS_5264,0.0
COSMOS_5267,0.2
COSMOS_5281,0.0
COSMOS_5285,0.2
COSMOS_5286,0.2
COSMOS_5297,0.1
COSMOS_5300,0.01
COSMOS_5301,0.01
COSMOS_5310,0.5
COSMOS_5313,0.1
COSMOS_5318,0.0
COSMOS_5323,0.0
COSMOS_5324,0.0
COSMOS_5334,0.0
COSMOS_5344,0.1
COSMOS_5351,0.0
COSMOS_5353,0.2
COSMOS_5356,0.1
COSMOS_5361,0.1
COSMOS_5368,0.3
COSMOS_5371,0.3
COSMOS_5381,0.6
COSMOS_5383,0.9
COSMOS_5387,0.0
COSMOS_5388,0.01
COSMOS_5390,0.2
COSMOS_5397,0.1
COSMOS_5402,0.0
COSMOS_5430,0.0
COSMOS_5434,0.1
COSMOS_5443,0.1
COSMOS_5449,0.01
COSMOS_5454,0.0
COSMOS_5457,0.3
COSMOS_5458,0.1
COSMOS_5468,0.0
COSMOS_5469,0.8
COSMOS_5470,0.2
COSMOS_5472,0.0
COSMOS_5473,0.3
COSMOS_5478,0.1
COSMOS_5495,0.2
COSMOS_5499,0.2
COSMOS_5501,0.5
COSMOS_5504,0.1
COSMOS_5512,0.0
COSMOS_5517,0.7
COSMOS_5519,0.5
COSMOS_5520,0.2
COSMOS_5524,0.0
COSMOS_5527,0.0
COSMOS_5531,0.0
COSMOS_5532,0.4
COSMOS_5534,0.1
COSMOS_5539,0.4
COSMOS_5540,0.0
COSMOS_5546,0.1
COSMOS_5554,0.0
COSMOS_5560,0.5
COSMOS_5563,0.0
COSMOS_5564,0.3
COSMOS_5570,0.0
COSMOS_5571,0.0
COSMOS_5572,0.6
COSMOS_5574,0.9
COSMOS_5576,0.01
COSMOS_5588,0.9
COSMOS_5589,0.01
COSMOS_5593,0.2
COSMOS_5594,0.0
COSMOS_5598,0.4
COSMOS_5602,0.0
COSMOS_5608,0.01
COSMOS_5616,0.8
COSMOS_5617,0.6
COSMOS_5620,0.1
COSMOS_5621,0.0
COSMOS_5631,0.5
COSMOS_5633,0.3
COSMOS_5641,0.1
COSMOS_5642,0.0
COSMOS_5643,0.3
COSMOS_5645,0.1
COSMOS_5649,0.01
COSMOS_5652,0.1
COSMOS_5655,0.0
COSMOS_5663,0.1
COSMOS_5667,0.0
COSMOS_5680,0.1
COSMOS_5681,0.0
COSMOS_5684,0.2
COSMOS_5685,0.6
COSMOS_5689,0.2
COSMOS_5694,0.01
COSMOS_5695,0.0
COSMOS_5696,0.4
COSMOS_5697,0.0
COSMOS_5699,0.2
COSMOS_5703,0.1
COSMOS_5707,0.0
COSMOS_5711,0.0
COSMOS_5722,0.01
COSMOS_5724,0.0
COSMOS_5727,0.8
COSMOS_5728,0.2
COSMOS_5732,0.0
COSMOS_5735,0.0
COSMOS_5742,0.0
COSMOS_5743,0.3
COSMOS_5745,0.2
COSMOS_5749,0.5
COSMOS_5757,0.0
COSMOS_5760,0.01
COSMOS_5763,0.7
COSMOS_5777,0.4
COSMOS_5778,0.0
COSMOS_5779,0.1
COSMOS_5780,0.0
COSMOS_5791,0.0
COSMOS_5797,0.1
COSMOS_5799,0.0
COSMOS_5801,0.2
COSMOS_5806,0.0
COSMOS_5813,0.1
COSMOS_5820,0.5
COSMOS_5821,0.0
COSMOS_5828,0.3
COSMOS_5835,0.0
COSMOS_5839,0.01
COSMOS_5840,0.1
COSMOS_5842,0.1
COSMOS_5844,0.0
COSMOS_5858,0.2
COSMOS_5860,0.1
COSMOS_5865,0.0
COSMOS_5866,0.0
COSMOS_5868,0.3
COSMOS_5871,0.2
COSMOS_5876,0.0
COSMOS_5878,0.01
COSMOS_5883,0.1
COSMOS_5885,0.0
COSMOS_5887,0.2
COSMOS_5889,0.1
COSMOS_5894,0.01
COSMOS_5896,0.6
COSMOS_5902,0.6
COSMOS_5903,0.2
COSMOS_5916,0.4
COSMOS_5918,0.0
COSMOS_5922,0.2
COSMOS_5926,0.1
COSMOS_5928,0.1
COSMOS_5937,0.0
COSMOS_5940,0.2
COSMOS_5942,0.01
COSMOS_5948,0.9
COSMOS_5954,0.01
COSMOS_5960,0.01
COSMOS_5964,0.1
COSMOS_5967,0.1
COSMOS_5970,0.5
COSMOS_5976,0.1
COSMOS_5995,0.3
COSMOS_5999,0.3
COSMOS_6003,0.3
COSMOS_6007,0.3
COSMOS_6014,0.0
COSMOS_6016,0.0
COSMOS_6019,0.5
COSMOS_6024,0.1
COSMOS_6025,0.01
COSMOS_6028,0.0
COSMOS_6029,0.01
COSMOS_6030,0.0
COSMOS_6033,0.1
COSMOS_6037,0.1
COSMOS_6043,0.2
COSMOS_6047,0.0
COSMOS_6050,0.0
COSMOS_6058,0.6
COSMOS_6060,0.1
COSMOS_6061,0.0
COSMOS_6065,0.6
COSMOS_6069,0.01
COSMOS_6076,0.0
COSMOS_6078,0.4
COSMOS_6082,0.8
COSMOS_6098,0.0
COSMOS_6099,0.0
COSMOS_6103,0.6
COSMOS_6110,0.5
COSMOS_6111,0.2
COSMOS_6117,0.2
COSMOS_6127,0.0
COSMOS_6132,0.0
COSMOS_6134,0.0
COSMOS_6136,0.01
COSMOS_6146,0.0
COSMOS_6148,0.3
COSMOS_6154,0.9
COSMOS_6162,0.0
COSMOS_6164,0.0
COSMOS_6165,0.0
COSMOS_6170,0.01
COSMOS_6177,0.1
COSMOS_6185,0.01
COSMOS_6189,0.5
COSMOS_6197,0.3
COSMOS_6205,0.3
COSMOS_6207,0.6
COSMOS_6218,0.0
COSMOS_6222,0.0
COSMOS_6227,0.4
COSMOS_6229,0.1
COSMOS_6230,0.01
COSMOS_6246,0.0
COSMOS_6254,0.1
COSMOS_6255,0.1
COSMOS_6264,0.0
COSMOS_6274,0.01
COSMOS_6277,0.01
COSMOS_6281,0.0
COSMOS_6289,0.0
COSMOS_6293,0.1
COSMOS_6295,0.0
COSMOS_6300,0.0
COSMOS_6301,0.0
COSMOS_6304,0.1
COSMOS_6315,0.0
COSMOS_6316,0.01
COSMOS_6324,0.0
COSMOS_6330,0.1
COSMOS_6336,0.2
COSMOS_6342,0.01
COSMOS_6368,0.01
COSMOS_6373,0.01
COSMOS_6379,0.1
COSMOS_6381,0.0
COSMOS_6384,0.01
COSMOS_6386,0.0
COSMOS_6391,0.0
COSMOS_6395,0.0
COSMOS_6405,0.1
COSMOS_6418,0.1
COSMOS_6419,0.3
COSMOS_6420,0.0
COSMOS_6423,0.6
COSMOS_6429,0.1
COSMOS_6432,0.0
COSMOS_6435,0.0
COSMOS_6436,0.0
COSMOS_6439,0.0
COSMOS_6449,0.01
COSMOS_6457,0.5
COSMOS_6467,0.2
COSMOS_6490,0.2
COSMOS_6497,0.1
COSMOS_6527,0.2
COSMOS_6534,0.4
COSMOS_6539,0.0
COSMOS_6540,0.0
COSMOS_6558,0.01
COSMOS_6563,0.1
COSMOS_6569,0.0
COSMOS_6574,0.0
COSMOS_6577,0.0
COSMOS_6583,0.4
COSMOS_6602,0.0
COSMOS_6603,0.7
COSMOS_6604,0.01
COSMOS_6608,0.3
COSMOS_6611,0.1
COSMOS_6612,0.0
COSMOS_6614,0.2
COSMOS_6620,0.3
COSMOS_6621,0.6
COSMOS_6623,0.01
COSMOS_6632,0.4
COSMOS_6633,0.0
COSMOS_6634,0.0
COSMOS_6643,0.6
COSMOS_6645,0.1
COSMOS_6654,0.9
COSMOS_6660,0.0
COSMOS_6666,0.5
COSMOS_6670,0.0
COSMOS_6671,0.1
COSMOS_6673,0.1
COSMOS_6682,0.0
COSMOS_6684,0.0
COSMOS_6690,0.0
COSMOS_6698,0.1
COSMOS_6701,0.0
COSMOS_6704,0.3
COSMOS_6707,0.0
COSMOS_6708,0.7
COSMOS_6709,0.3
COSMOS_6710,0.0
COSMOS_6718,0.1
COSMOS_6727,0.01
COSMOS_6731,0.0
COSMOS_6737,0.4
COSMOS_6738,0.2
COSMOS_6739,0.0
COSMOS_6742,0.2
COSMOS_6748,0.6
COSMOS_6757,0.01
COSMOS_6758,0.0
COSMOS_6766,0.0
COSMOS_6769,0.0
COSMOS_6770,0.0
COSMOS_6771,0.4
COSMOS_6784,0.0
COSMOS_6792,0.1
COSMOS_6798,0.0
COSMOS_6801,0.0
COSMOS_6810,0.0
COSMOS_6812,0.5
COSMOS_6814,0.6
COSMOS_6815,0.0
COSMOS_6819,0.0
COSMOS_6825,0.0
COSMOS_6829,0.01
COSMOS_6834,0.1
COSMOS_6844,0.1
COSMOS_6847,0.0
COSMOS_6855,0.3
COSMOS_6860,0.3
COSMOS_6871,0.3
COSMOS_6881,0.0
COSMOS_6882,0.4
COSMOS_6884,0.2
COSMOS_6886,0.0
COSMOS_6893,0.0
COSMOS_6894,0.3
COSMOS_6903,0.01
COSMOS_6910,0.1
COSMOS_6912,0.2
COSMOS_6923,0.5
COSMOS_6924,0.0
COSMOS_6929,0.1
COSMOS_6931,0.5
COSMOS_6933,0.0
COSMOS_6935,0.1
COSMOS_6939,0.1
COSMOS_6942,0.1
COSMOS_6944,0.1
COSMOS_6958,0.4
COSMOS_6961,0.5
COSMOS_6963,0.0
COSMOS_6974,0.0
COSMOS_6975,0.1
COSMOS_6981,0.2
COSMOS_6984,0.0
COSMOS_6985,0.4
COSMOS_6991,0.1
COSMOS_6996,0.0
COSMOS_6997,0.01
COSMOS_7002,0.01
COSMOS_7007,0.01
COSMOS_7019,0.0
COSMOS_7035,0.0
COSMOS_7038,0.1
COSMOS_7043,0.0
COSMOS_7044,0.0
COSMOS_7046,0.4
COSMOS_7048,0.01
COSMOS_7050,0.0
COSMOS_7052,0.0
COSMOS_7059,0.0
COSMOS_7060,0.0
COSMOS_7062,0.0
COSMOS_7063,0.2
COSMOS_7064,0.01
COSMOS_7066,0.0
COSMOS_7067,0.5
COSMOS_7072,0.7
COSMOS_7077,0.7
COSMOS_7078,0.01
COSMOS_7080,0.4
COSMOS_7087,0.2
COSMOS_7088,0.0
COSMOS_7089,0.0
COSMOS_7091,0.0
COSMOS_7096,0.8
COSMOS_7098,0.01
COSMOS_7102,0.0
COSMOS_7114,0.5
COSMOS_7116,0.5
COSMOS_7117,0.0
COSMOS_7118,0.0
COSMOS_7122,0.0
COSMOS_7125,0.8
COSMOS_7126,0.1
COSMOS_7132,0.01
COSMOS_7134,0.1
COSMOS_7138,0.2
COSMOS_7140,0.0
COSMOS_7145,0.1
COSMOS_7147,0.0
COSMOS_7150,0.7
COSMOS_7153,0.1
COSMOS_7156,0.0
COSMOS_7161,0.0
COSMOS_7162,0.1
COSMOS_7163,0.2
COSMOS_7164,0.1
COSMOS_7166,0.0
COSMOS_7183,0.0
COSMOS_7191,0.01
COSMOS_7193,0.0
COSMOS_7200,0.2
COSMOS_7225,0.4
COSMOS_7230,0.6
COSMOS_7231,0.1
COSMOS_7235,0.1
COSMOS_7238,0.1
COSMOS_7240,0.0
COSMOS_7241,0.6
COSMOS_7248,0.4
COSMOS_7250,0.0
COSMOS_7251,0.0
COSMOS_7255,0.0
COSMOS_7262,0.2
COSMOS_7269,0.1
COSMOS_7272,0.0
COSMOS_7276,0.1
COSMOS_7277,0.3
COSMOS_7279,0.01
COSMOS_7280,0.3
COSMOS_7283,0.0
COSMOS_7286,0.0
COSMOS_7289,0.01
COSMOS_7290,0.0
COSMOS_7294,0.1
COSMOS_7297,0.2
COSMOS_7298,0.2
COSMOS_7303,0.0
COSMOS_7304,0.1
COSMOS_7309,0.2
COSMOS_7313,0.2
COSMOS_7318,0.0
COSMOS_7322,0.4
COSMOS_7337,0.1
COSMOS_7351,0.1
COSMOS_7359,0.2
COSMOS_7366,0.5
COSMOS_7369,0.0
COSMOS_7389,0.5
COSMOS_7395,0.1
COSMOS_7397,0.0
COSMOS_7398,0.1
COSMOS_7401,0.2
COSMOS_7402,0.0
COSMOS_7404,0.1
COSMOS_7405,0.1
COSMOS_7406,0.01
COSMOS_7408,0.0
COSMOS_7410,0.1
COSMOS_7412,0.0
COSMOS_7432,0.0
COSMOS_7440,0.0
COSMOS_7453,0.0
COSMOS_7455,0.0
COSMOS_7459,0.01
COSMOS_7460,0.2
COSMOS_7464,0.6
COSMOS_7465,0.0
COSMOS_7482,0.0
COSMOS_7488,0.0
COSMOS_7490,0.6
COSMOS_7493,0.0
COSMOS_7499,0.0
COSMOS_7500,0.3
COSMOS_7501,0.4
COSMOS_7504,0.0
COSMOS_7506,0.0
COSMOS_7510,0.4
COSMOS_7513,0.0
COSMOS_7518,0.0
COSMOS_7523,0.01
COSMOS_7524,0.0
COSMOS_7534,0.2
COSMOS_7538,0.0
COSMOS_7552,0.0
COSMOS_7560,0.0
COSMOS_7565,0.2
COSMOS_7566,0.1
COSMOS_7580,0.1
COSMOS_7590,0.0
COSMOS_7593,0.3
COSMOS_7600,0.3
COSMOS_7607,0.0
COSMOS_7613,0.2
COSMOS_7614,0.9
COSMOS_7616,0.0
COSMOS_7617,0.0
COSMOS_7620,0.0
COSMOS_7621,0.0
COSMOS_7622,0.0
COSMOS_7625,0.1
COSMOS_7627,0.0
COSMOS_7631,0.0
COSMOS_7637,0.8
COSMOS_7639,0.0
COSMOS_7642,0.1
COSMOS_7644,0.6
COSMOS_7648,0.4
COSMOS_7653,0.0
COSMOS_7655,0.0
COSMOS_7670,0.4
COSMOS_7675,0.4
COSMOS_7677,0.2
COSMOS_7679,0.0
COSMOS_7685,0.0
COSMOS_7686,0.0
COSMOS_7692,0.1
COSMOS_7695,0.2
COSMOS_7700,0.0
COSMOS_7716,0.0
COSMOS_7718,0.2
COSMOS_7731,0.1
COSMOS_7732,0.5
COSMOS_7733,0.0
COSMOS_7735,0.4
COSMOS_7737,0.0
COSMOS_7752,0.1
COSMOS_7755,0.01
COSMOS_7759,0.0
COSMOS_7760,0.0
COSMOS_7766,0.1
COSMOS_7771,0.0
COSMOS_7775,0.4
COSMOS_7777,0.0
COSMOS_7783,0.0
COSMOS_7790,0.6
COSMOS_7793,0.0
COSMOS_7799,0.0
COSMOS_7800,0.3
COSMOS_7805,0.0
COSMOS_7812,0.2
COSMOS_7817,0.7
COSMOS_7826,0.0
COSMOS_7831,0.2
COSMOS_7834,0.0
COSMOS_7836,0.01
COSMOS_7839,0.1
COSMOS_7848,0.0
COSMOS_7854,0.0
COSMOS_7856,0.1
COSMOS_7859,0.0
COSMOS_7860,0.0
COSMOS_7874,0.4
COSMOS_7878,0.1
COSMOS_7880,0.01
COSMOS_7881,0.1
COSMOS_7882,0.3
COSMOS_7885,0.0
COSMOS_7888,0.6
COSMOS_7889,0.0
COSMOS_7890,0.01
COSMOS_7897,0.2
COSMOS_7900,0.5
COSMOS_7917,0.0
COSMOS_7919,0.6
COSMOS_7922,0.3
COSMOS_7946,0.1
COSMOS_7952,0.2
COSMOS_7953,0.5
COSMOS_7955,0.0
COSMOS_7961,0.0
COSMOS_7963,0.2
COSMOS_7967,0.2
COSMOS_7977,0.2
COSMOS_7980,0.0
COSMOS_7981,0.4
COSMOS_7983,0.0
COSMOS_7989,0.3
COSMOS_7994,0.0
COSMOS_7997,0.2
COSMOS_8000,0.0
COSMOS_8002,0.0
COSMOS_8004,0.2
COSMOS_8006,0.3
COSMOS_8013,0.0
COSMOS_8019,0.1
COSMOS_8020,0.2
COSMOS_8022,0.1
COSMOS_8025,0.3
COSMOS_8033,0.1
COSMOS_8034,0.7
COSMOS_8039,0.0
COSMOS_8042,0.2
COSMOS_8048,0.0
COSMOS_8051,0.1
COSMOS_8056,0.0
COSMOS_8057,0.01
COSMOS_8058,0.0
COSMOS_8060,0.0
COSMOS_8067,0.01
COSMOS_8068,0.2
COSMOS_8074,0.1
COSMOS_8076,0.01
COSMOS_8079,0.2
COSMOS_8080,0.0
COSMOS_8088,0.4
COSMOS_8090,0.3
COSMOS_8096,0.0
COSMOS_8107,0.1
COSMOS_8120,0.2
COSMOS_8125,0.2
COSMOS_8129,0.0
COSMOS_8132,0.0
COSMOS_8133,0.1
COSMOS_8139,0.1
COSMOS_8148,0.0
COSMOS_8163,0.0
COSMOS_8168,0.5
COSMOS_8170,0.7
COSMOS_8175,0.0
COSMOS_8177,0.0
COSMOS_8180,0.3
COSMOS_8182,0.1
COSMOS_8184,0.2
COSMOS_8185,0.0
COSMOS_8188,0.5
COSMOS_8192,0.0
COSMOS_8202,0.8
COSMOS_8203,0.0
COSMOS_8208,0.1
COSMOS_8214,0.4
COSMOS_8218,0.0
COSMOS_8219,0.0
COSMOS_8221,0.0
COSMOS_8222,0.0
COSMOS_8226,0.1
COSMOS_8231,0.2
COSMOS_8232,0.0
COSMOS_8234,0.0
COSMOS_8235,0.4
COSMOS_8241,0.1
COSMOS_8244,0.0
COSMOS_8255,0.2
COSMOS_8261,0.01
COSMOS_8270,0.0
COSMOS_8273,0.1
COSMOS_8278,0.01
COSMOS_8282,0.2
COSMOS_8283,0.2
COSMOS_8284,0.5
COSMOS_8291,0.0
COSMOS_8315,0.5
COSMOS_8321,0.0
COSMOS_8323,0.01
COSMOS_8324,0.0
COSMOS_8327,0.0
COSMOS_8328,0.01
COSMOS_8338,0.3
COSMOS_8344,0.1
COSMOS_8354,0.0
COSMOS_8355,0.2
COSMOS_8360,0.0
COSMOS_8366,0.8
COSMOS_8367,0.0
COSMOS_8368,0.2
COSMOS_8369,0.0
COSMOS_8372,0.5
COSMOS_8373,0.3
COSMOS_8382,0.1
COSMOS_8391,0.1
COSMOS_8392,0.2
COSMOS_8397,0.1
COSMOS_8398,0.8
COSMOS_8401,0.0
COSMOS_8402,0.4
COSMOS_8412,0.0
COSMOS_8413,0.0
COSMOS_8417,0.8
COSMOS_8419,0.3
COSMOS_8425,0.0
COSMOS_8431,0.01
COSMOS_8434,0.3
COSMOS_8438,0.0
COSMOS_8439,0.0
COSMOS_8452,0.4
COSMOS_8454,0.3
COSMOS_8455,0.0
COSMOS_8457,0.2
COSMOS_8458,0.1
COSMOS_8465,0.1
COSMOS_8466,0.1
COSMOS_8469,0.1
COSMOS_8470,0.1
COSMOS_8477,0.5
COSMOS_8481,0.4
COSMOS_8485,0.3
COSMOS_8495,0.0
COSMOS_8497,0.5
COSMOS_8498,0.1
COSMOS_8504,0.0
COSMOS_8506,0.3
COSMOS_8515,0.0
COSMOS_8521,0.2
COSMOS_8535,0.0
COSMOS_8557,0.0
COSMOS_8559,0.0
COSMOS_8567,0.2
COSMOS_8575,0.2
COSMOS_8590,0.0
COSMOS_8591,0.2
COSMOS_8603,0.0
COSMOS_8607,0.3
COSMOS_8611,0.0
COSMOS_8615,0.1
COSMOS_8619,0.0
COSMOS_8628,0.1
COSMOS_8629,0.0
COSMOS_8631,0.2
COSMOS_8640,0.0
COSMOS_8642,0.7
COSMOS_8650,0.0
COSMOS_8653,0.0
COSMOS_8655,0.01
COSMOS_8659,0.5
COSMOS_8661,0.0
COSMOS_8662,0.2
COSMOS_8669,0.3
COSMOS_8670,0.0
COSMOS_8684,0.4
COSMOS_8691,0.2
COSMOS_8693,0.2
COSMOS_8699,0.0
COSMOS_8703,0.0
COSMOS_8704,0.01
COSMOS_8706,0.0
COSMOS_8709,0.1
COSMOS_8710,0.2
COSMOS_8712,0.01
COSMOS_8715,0.1
COSMOS_8718,0.4
COSMOS_8729,0.0
COSMOS_8732,0.0
COSMOS_8754,0.0
COSMOS_8758,0.2
COSMOS_8771,0.0
COSMOS_8776,0.4
COSMOS_8777,0.0
COSMOS_8798,0.0
COSMOS_8806,0.01
COSMOS_8807,0.2
COSMOS_8826,0.0
COSMOS_8835,0.4
COSMOS_8836,0.6
COSMOS_8837,0.0
COSMOS_8849,0.0
COSMOS_8856,0.0
COSMOS_8863,0.2
COSMOS_8864,0.0
COSMOS_8876,0.4
COSMOS_8880,0.01
COSMOS_8886,0.0
COSMOS_8890,0.0
COSMOS_8892,0.01
COSMOS_8910,0.1
COSMOS_8915,0.1
COSMOS_8916,0.0
COSMOS_8918,0.4
COSMOS_8919,0.3
COSMOS_8920,0.1
COSMOS_8922,0.2
COSMOS_8924,0.7
COSMOS_8928,0.0
COSMOS_8936,0.0
COSMOS_8939,0.01
COSMOS_8949,0.1
COSMOS_8956,0.0
COSMOS_8960,0.0
COSMOS_8967,0.0
COSMOS_8975,0.01
COSMOS_8976,0.0
COSMOS_8985,0.3
COSMOS_8990,0.0
COSMOS_8995,0.1
COSMOS_9007,0.0
COSMOS_9008,0.0
COSMOS_9011,0.1
COSMOS_9012,0.2
COSMOS_9022,0.1
COSMOS_9023,0.5
COSMOS_9024,0.0
COSMOS_9026,0.0
COSMOS_9030,0.1
COSMOS_9037,0.2
COSMOS_9053,0.0
COSMOS_9054,0.2
COSMOS_9058,0.1
COSMOS_9083,0.0
COSMOS_9084,0.0
COSMOS_9087,0.0
COSMOS_9088,0.4
COSMOS_9094,0.01
COSMOS_9106,0.01
COSMOS_9131,0.6
COSMOS_9133,0.1
COSMOS_9138,0.1
COSMOS_9148,0.01
COSMOS_9166,0.2
COSMOS_9170,0.0
COSMOS_9189,0.4
COSMOS_9194,0.1
COSMOS_9197,0.1
COSMOS_9206,0.01
COSMOS_9208,0.1
COSMOS_9211,0.2
COSMOS_9219,0.0
COSMOS_9220,0.0
COSMOS_9222,0.5
COSMOS_9223,0.1
COSMOS_9226,0.0
COSMOS_9227,0.2
COSMOS_9228,0.0
COSMOS_9234,0.2
COSMOS_9235,0.1
COSMOS_9236,0.0
COSMOS_9244,0.0
COSMOS_9246,0.01
COSMOS_9258,0.0
COSMOS_9259,0.1
COSMOS_9262,0.0
COSMOS_9265,0.0
COSMOS_9267,0.1
COSMOS_9278,0.1
COSMOS_9286,0.01
COSMOS_9294,0.0
COSMOS_9297,0.01
COSMOS_9299,0.6
COSMOS_9304,0.5
COSMOS_9310,0.7
COSMOS_9313,0.2
COSMOS_9316,0.0
COSMOS_9321,0.0
COSMOS_9325,0.0
COSMOS_9327,0.0
COSMOS_9328,0.5
COSMOS_9329,0.2
COSMOS_9336,0.6
COSMOS_9338,0.3
COSMOS_9352,0.2
COSMOS_9358,0.2
COSMOS_9359,0.0
COSMOS_9363,0.0
COSMOS_9366,0.1
COSMOS_9372,0.1
COSMOS_9374,0.1
COSMOS_9385,0.2
COSMOS_9390,0.0
COSMOS_9392,0.01
COSMOS_9393,0.1
COSMOS_9395,0.1
COSMOS_9409,0.0
COSMOS_9411,0.2
COSMOS_9412,0.9
COSMOS_9421,0.01
COSMOS_9430,0.0
COSMOS_9439,0.01
COSMOS_9442,0.0
COSMOS_9449,0.0
COSMOS_9450,0.0
COSMOS_9451,0.2
COSMOS_9457,0.01
COSMOS_9458,0.6
COSMOS_9459,0.0
COSMOS_9462,0.3
COSMOS_9476,0.0
COSMOS_9477,0.0
COSMOS_9478,0.01
COSMOS_9485,0.01
COSMOS_9489,0.0
COSMOS_9492,0.1
COSMOS_9500,0.0
COSMOS_9507,0.4
COSMOS_9512,0.0
COSMOS_9519,0.0
COSMOS_9522,0.0
COSMOS_9527,0.1
COSMOS_9535,0.1
COSMOS_9536,0.1
COSMOS_9546,0.5
COSMOS_9557,0.0
COSMOS_9560,0.1
COSMOS_9573,0.0
COSMOS_9580,0.0
COSMOS_9581,0.0
COSMOS_9582,0.0
COSMOS_9583,0.3
COSMOS_9584,0.0
COSMOS_9591,0.3
COSMOS_9592,0.0
COSMOS_9598,0.0
COSMOS_9600,0.0
COSMOS_9601,0.1
COSMOS_9603,0.0
COSMOS_9608,0.4
COSMOS_9609,0.3
COSMOS_9614,0.0
COSMOS_9617,0.01
COSMOS_9618,0.1
COSMOS_9628,0.0
COSMOS_9629,0.0
COSMOS_9632,0.4
COSMOS_9637,0.0
COSMOS_9645,0.0
COSMOS_9661,0.0
COSMOS_9662,0.0
COSMOS_9663,0.1
COSMOS_9666,0.0
COSMOS_9669,0.3
COSMOS_9674,0.4
COSMOS_9675,0.0
COSMOS_9684,0.2
COSMOS_9685,0.01
COSMOS_9698,0.2
COSMOS_9701,0.1
COSMOS_9703,0.0
COSMOS_9713,0.1
COSMOS_9715,0.0
COSMOS_9720,0.0
COSMOS_9721,0.2
COSMOS_9730,0.5
COSMOS_9732,0.0
COSMOS_9740,0.01
COSMOS_9742,0.0
COSMOS_9752,0.2
COSMOS_9757,0.4
COSMOS_9760,0.1
COSMOS_9761,0.3
COSMOS_9763,0.4
COSMOS_9764,0.4
COSMOS_9766,0.1
COSMOS_9772,0.0
COSMOS_9773,0.1
COSMOS_9774,0.5
COSMOS_9785,0.01
COSMOS_9791,0.2
COSMOS_9792,0.2
COSMOS_9798,0.6
COSMOS_9800,0.6
COSMOS_9815,0.01
COSMOS_9816,0.0
COSMOS_9819,0.2
COSMOS_9825,0.0
COSMOS_9827,0.1
COSMOS_9836,0.1
COSMOS_9840,0.0
COSMOS_9843,0.0
COSMOS_9847,0.1
COSMOS_9848,0.4
COSMOS_9853,0.0
COSMOS_9856,0.3
COSMOS_9862,0.2
COSMOS_9865,0.0
COSMOS_9869,0.0
COSMOS_9873,0.1
COSMOS_9881,0.1
COSMOS_9890,0.6
COSMOS_9896,0.01
COSMOS_9903,0.3
COSMOS_9906,0.7
COSMOS_9908,0.0
COSMOS_9915,0.2
COSMOS_9919,0.0
COSMOS_9925,0.3
COSMOS_9934,0.0
COSMOS_9936,0.4
COSMOS_9939,0.01
COSMOS_9943,0.01
COSMOS_9944,0.0
COSMOS_9947,0.0
COSMOS_9948,0.2
COSMOS_9950,0.0
COSMOS_9951,0.3
COSMOS_9953,0.2
COSMOS_9956,0.01
COSMOS_9960,0.0
COSMOS_9962,0.0
COSMOS_9972,0.3
COSMOS_9977,0.0
COSMOS_9979,0.0
COSMOS_9982,0.6
COSMOS_9987,0.0
COSMOS_9991,0.0
COSMOS_9998,0.2
COSMOS_10007,0.01
COSMOS_10010,0.3
COSMOS_10014,0.01
COSMOS_10021,0.01
COSMOS_10023,0.3
COSMOS_10024,0.0
COSMOS_10025,0.1
COSMOS_10028,0.2
COSMOS_10032,0.0
COSMOS_10042,0.0
COSMOS_10044,0.3
COSMOS_10051,0.2
COSMOS_10052,0.5
COSMOS_10056,0.3
COSMOS_10057,0.0
COSMOS_10063,0.0
COSMOS_10064,0.5
COSMOS_10066,0.01
COSMOS_10073,0.0
COSMOS_10076,0.0
COSMOS_10084,0.0
COSMOS_10095,0.0
COSMOS_10096,0.01
COSMOS_10098,0.0
COSMOS_10101,0.8
COSMOS_10107,0.6
COSMOS_10110,0.0
COSMOS_10111,0.1
COSMOS_10121,0.1
COSMOS_10136,0.2
COSMOS_10138,0.1
COSMOS_10140,0.1
COSMOS_10145,0.0
COSMOS_10146,0.0
COSMOS_10148,0.1
COSMOS_10155,0.5
COSMOS_10158,0.0
COSMOS_10159,0.3
COSMOS_10174,0.1
COSMOS_10180,0.2
COSMOS_10186,0.1
COSMOS_10188,0.4
COSMOS_10195,0.1
COSMOS_10199,0.2
COSMOS_10200,0.1
COSMOS_10203,0.2
COSMOS_10216,0.3
COSMOS_10219,0.0
COSMOS_10226,0.1
COSMOS_10232,0.5
COSMOS_10235,0.0
COSMOS_10240,0.3
COSMOS_10245,0.5
COSMOS_10247,0.1
COSMOS_10249,0.0
COSMOS_10256,0.01
COSMOS_10266,0.9
COSMOS_10267,0.0
COSMOS_10269,0.5
COSMOS_10270,0.1
COSMOS_10273,0.2
COSMOS_10287,0.01
COSMOS_10301,0.3
COSMOS_10305,0.0
COSMOS_10314,0.01
COSMOS_10319,0.0
COSMOS_10324,0.4
COSMOS_10343,0.0
COSMOS_10348,0.0
COSMOS_10349,0.5
COSMOS_10350,0.1
COSMOS_10351,0.01
COSMOS_10361,0.01
COSMOS_10365,0.0
COSMOS_10383,0.0
COSMOS_10384,0.6
COSMOS_10385,0.0
COSMOS_10389,0.0
COSMOS_10390,0.1
COSMOS_10403,0.0
COSMOS_10404,0.0
COSMOS_10408,0.0
COSMOS_10414,0.1
COSMOS_10417,0.4
COSMOS_10420,0.01
COSMOS_10425,0.01
COSMOS_10426,0.1
COSMOS_10437,0.0
COSMOS_10444,0.0
COSMOS_10448,0.8
COSMOS_10455,0.2
COSMOS_10458,0.1
COSMOS_10466,0.3
COSMOS_10469,0.0
COSMOS_10470,0.0
COSMOS_10481,0.0
COSMOS_10482,0.2
COSMOS_10494,0.0
COSMOS_10497,0.01
COSMOS_10499,0.01
COSMOS_10503,0.0
COSMOS_10504,0.0
COSMOS_10511,0.0
COSMOS_10512,0.1
COSMOS_10522,0.2
COSMOS_10526,0.4
COSMOS_10530,0.1
COSMOS_10535,0.0
COSMOS_10538,0.0
COSMOS_10539,0.3
COSMOS_10545,0.3
COSMOS_10548,0.1
COSMOS_10549,0.01
COSMOS_10550,0.3
COSMOS_10553,0.1
COSMOS_10556,0.2
COSMOS_10560,0.0
COSMOS_10561,0.0
COSMOS_10562,0.0
COSMOS_10563,0.0
COSMOS_10566,0.0
COSMOS_10568,0.01
COSMOS_10572,0.5
COSMOS_10574,0.0
COSMOS_10585,0.1
COSMOS_10588,0.0
COSMOS_10591,0.0
COSMOS_10596,0.0
COSMOS_10600,0.2
COSMOS_10602,0.4
COSMOS_10604,0.0
COSMOS_10605,0.1
COSMOS_10607,0.1
COSMOS_10608,0.0
COSMOS_10610,0.1
COSMOS_10611,0.7
COSMOS_10626,0.1
COSMOS_10631,0.0
COSMOS_10638,0.0
COSMOS_10639,0.01
COSMOS_10643,0.2
COSMOS_10645,0.2
COSMOS_10648,0.0
COSMOS_10651,0.1
COSMOS_10653,0.6
COSMOS_10656,0.2
COSMOS_10658,0.1
COSMOS_10659,0.0
COSMOS_10661,0.1
COSMOS_10667,0.1
COSMOS_10669,0.4
COSMOS_10671,0.0
COSMOS_10674,0.1
COSMOS_10681,0.0
COSMOS_10684,0.0
COSMOS_10687,0.4
COSMOS_10690,0.1
COSMOS_10691,0.4
COSMOS_10692,0.2
COSMOS_10696,0.01
COSMOS_10707,0.6
COSMOS_10711,0.01
COSMOS_10717,0.0
COSMOS_10729,0.1
COSMOS_10730,0.1
COSMOS_10736,0.0
COSMOS_10737,0.3
COSMOS_10745,0.1
COSMOS_10752,0.0
COSMOS_10754,0.1
COSMOS_10767,0.1
COSMOS_10770,0.01
COSMOS_10771,0.2
COSMOS_10780,0.9
COSMOS_10789,0.2
COSMOS_10792,0.6
COSMOS_10793,0.0
COSMOS_10801,0.01
COSMOS_10805,0.01
COSMOS_10808,0.0
COSMOS_10812,0.2
COSMOS_10818,0.0
COSMOS_10819,0.01
COSMOS_10828,0.6
COSMOS_10831,0.3
COSMOS_10839,0.1
COSMOS_10840,0.1
COSMOS_10848,0.01
COSMOS_10849,0.0
COSMOS_10852,0.3
COSMOS_10861,0.1
COSMOS_10862,0.0
COSMOS_10864,0.2
COSMOS_10873,0.6
COSMOS_10879,0.0
COSMOS_10882,0.1
COSMOS_10892,0.5
COSMOS_10893,0.2
COSMOS_10902,0.0
COSMOS_10904,0.0
COSMOS_10917,0.01
COSMOS_10919,0.0
COSMOS_10921,0.3
COSMOS_10925,0.4
COSMOS_10932,0.5
COSMOS_10933,0.01
COSMOS_10934,0.0
COSMOS_10941,0.0
COSMOS_10945,0.3
COSMOS_10953,0.0
COSMOS_10957,0.0
COSMOS_10958,0.01
COSMOS_10960,0.1
COSMOS_10962,0.0
COSMOS_10965,0.0
COSMOS_10968,0.0
COSMOS_10975,0.01
COSMOS_10983,0.2
COSMOS_10984,0.0
COSMOS_10986,0.01
COSMOS_10999,0.1
COSMOS_11011,0.3
COSMOS_11016,0.1
COSMOS_11017,0.2
COSMOS_11018,0.0
COSMOS_11020,0.0
COSMOS_11028,0.0
COSMOS_11029,0.0
COSMOS_11037,0.0
COSMOS_11038,0.01
COSMOS_11039,0.0
COSMOS_11045,0.0
COSMOS_11046,0.0
COSMOS_11052,0.0
COSMOS_11054,0.0
COSMOS_11056,0.1
COSMOS_11060,0.0
COSMOS_11063,0.6
COSMOS_11076,0.0
COSMOS_11086,0.2
COSMOS_11091,0.01
COSMOS_11097,0.01
COSMOS_11100,0.0
COSMOS_11102,0.2
COSMOS_11104,0.8
COSMOS_11115,0.0
COSMOS_11121,0.2
COSMOS_11122,0.5
COSMOS_11123,0.0
COSMOS_11126,0.0
COSMOS_11127,0.01
COSMOS_11128,0.0
COSMOS_11135,0.3
COSMOS_11137,0.0
COSMOS_11140,0.5
COSMOS_11147,0.2
COSMOS_11152,0.1
COSMOS_11154,0.2
COSMOS_11159,0.4
COSMOS_11163,0.01
COSMOS_11170,0.4
COSMOS_11196,0.9
COSMOS_11201,0.01
COSMOS_11212,0.5
COSMOS_11213,0.0
COSMOS_11214,0.0
COSMOS_11218,0.8
COSMOS_11229,0.2
COSMOS_11230,0.01
COSMOS_11233,0.4
COSMOS_11235,0.1
COSMOS_11236,0.1
COSMOS_11237,0.1
COSMOS_11239,0.1
COSMOS_11244,0.2
COSMOS_11245,0.1
COSMOS_11252,0.2
COSMOS_11254,0.3
COSMOS_11261,0.3
COSMOS_11267,0.3
COSMOS_11277,0.0
COSMOS_11278,0.0
COSMOS_11288,0.01
COSMOS_11294,0.0
COSMOS_11295,0.01
COSMOS_11297,0.1
COSMOS_11298,0.2
COSMOS_11299,0.01
COSMOS_11303,0.0
COSMOS_11317,0.0
COSMOS_11324,0.0
COSMOS_11325,0.0
COSMOS_11328,0.2
COSMOS_11331,0.3
COSMOS_11337,0.0
COSMOS_11339,0.01
COSMOS_11342,0.01
COSMOS_11344,0.4
COSMOS_11348,0.3
COSMOS_11349,0.5
COSMOS_11358,0.1
COSMOS_11359,0.2
COSMOS_11364,0.0
COSMOS_11367,0.0
COSMOS_11369,0.01
COSMOS_11371,0.1
COSMOS_11385,0.0
COSMOS_11387,0.1
COSMOS_11388,0.1
COSMOS_11391,0.0
COSMOS_11394,0.0
COSMOS_11397,0.7
COSMOS_11398,0.1
COSMOS_11399,0.0
COSMOS_11406,0.01
COSMOS_11407,0.1
COSMOS_11409,0.7
COSMOS_11410,0.1
COSMOS_11418,0.01
COSMOS_11429,0.01
COSMOS_11439,0.0
COSMOS_11444,0.0
COSMOS_11447,0.0
COSMOS_11450,0.6
COSMOS_11459,0.0
COSMOS_11462,0.01
COSMOS_11473,0.3
COSMOS_11476,0.0
COSMOS_11483,0.2
COSMOS_11500,0.6
COSMOS_11508,0.5
COSMOS_11513,0.0
COSMOS_11516,0.0
COSMOS_11522,0.2
COSMOS_11523,0.01
COSMOS_11533,0.01
COSMOS_11534,0.3
COSMOS_11538,0.7
COSMOS_11540,0.0
COSMOS_11551,0.0
COSMOS_11556,0.0
COSMOS_11567,0.0
COSMOS_11568,0.01
COSMOS_11570,0.1
COSMOS_11573,0.01
COSMOS_11576,0.2
COSMOS_11587,0.7
COSMOS_11592,0.01
COSMOS_11595,0.1
COSMOS_11597,0.01
COSMOS_11601,0.01
COSMOS_11605,0.01
COSMOS_11615,0.0
COSMOS_11621,0.1
COSMOS_11625,0.0
COSMOS_11630,0.1
COSMOS_11634,0.9
COSMOS_11635,0.3
COSMOS_11642,0.1
COSMOS_11656,0.3
COSMOS_11657,0.01
COSMOS_11659,0.5
COSMOS_11664,0.0
COSMOS_11666,0.1
COSMOS_11667,0.0
COSMOS_11677,0.6
COSMOS_11682,0.0
COSMOS_11685,0.2
COSMOS_11696,0.3
COSMOS_11697,0.4
COSMOS_11710,0.0
COSMOS_11711,0.2
COSMOS_11715,0.0
COSMOS_11721,0.0
COSMOS_11723,0.3
COSMOS_11726,0.1
COSMOS_11736,0.3
COSMOS_11739,0.3
COSMOS_11740,0.6
COSMOS_11742,0.3
COSMOS_11744,0.0
COSMOS_11751,0.4
COSMOS_11755,0.2
COSMOS_11757,0.2
COSMOS_11760,0.1
COSMOS_11763,0.2
COSMOS_11779,0.2
COSMOS_11785,0.01
COSMOS_11789,0.01
COSMOS_11793,0.0
COSMOS_11794,0.0
COSMOS_11802,0.1
COSMOS_11811,0.0
COSMOS_11817,0.01
COSMOS_11821,0.0
COSMOS_11822,0.0
COSMOS_11831,0.5
COSMOS_11832,0.01
COSMOS_11833,0.5
COSMOS_11837,0.2
COSMOS_11838,0.1
COSMOS_11842,0.1
COSMOS_11845,0.0
COSMOS_11846,0.0
COSMOS_11848,0.0
COSMOS_11849,0.01
COSMOS_11857,0.0
COSMOS_11861,0.0
COSMOS_11865,0.1
COSMOS_11866,0.0
COSMOS_11867,0.0
COSMOS_11868,0.0
COSMOS_11870,0.0
COSMOS_11872,0.6
COSMOS_11878,0.2
COSMOS_11883,0.01
COSMOS_11890,0.01
COSMOS_11893,0.0
COSMOS_11896,0.0
COSMOS_11897,0.4
COSMOS_11900,0.0
COSMOS_11909,0.0
COSMOS_11914,0.0
COSMOS_11915,0.8
COSMOS_11917,0.0
COSMOS_11921,0.2
COSMOS_11922,0.0
COSMOS_11924,0.0
COSMOS_11927,0.9
COSMOS_11929,0.1
COSMOS_11936,0.0
COSMOS_11941,0.1
COSMOS_11942,0.0
COSMOS_11945,0.1
COSMOS_11956,0.8
COSMOS_11958,0.0
COSMOS_11966,0.0
COSMOS_11986,0.7
COSMOS_11987,0.0
COSMOS_11990,0.5
COSMOS_11995,0.1
COSMOS_11997,0.01
COSMOS_12002,0.0
COSMOS_12006,0.3
COSMOS_12009,0.2
COSMOS_12011,0.5
COSMOS_12014,0.1
COSMOS_12019,0.0
COSMOS_12020,0.0
COSMOS_12022,0.0
COSMOS_12030,0.0
COSMOS_12034,0.0
COSMOS_12038,0.0
COSMOS_12040,0.01
COSMOS_12042,0.3
COSMOS_12043,0.0
COSMOS_12053,0.2
COSMOS_12054,0.3
COSMOS_12055,0.01
COSMOS_12056,0.2
COSMOS_12059,0.1
COSMOS_12061,0.2
COSMOS_12063,0.6
COSMOS_12066,0.4
COSMOS_12068,0.0
COSMOS_12069,0.3
COSMOS_12078,0.1
COSMOS_12080,0.01
COSMOS_12082,0.0
COSMOS_12086,0.4
COSMOS_12092,0.0
COSMOS_12093,0.0
COSMOS_12098,0.2
COSMOS_12102,0.7
COSMOS_12104,0.0
COSMOS_12124,0.01
COSMOS_12132,0.4
COSMOS_12133,0.1
COSMOS_12146,0.0
COSMOS_12163,0.0
COSMOS_12168,0.1
COSMOS_12175,0.1
COSMOS_12177,0.0
COSMOS_12179,0.0
COSMOS_12185,0.0
COSMOS_12189,0.0
COSMOS_12191,0.4
COSMOS_12202,0.0
COSMOS_12204,0.0
COSMOS_12205,0.0
COSMOS_12208,0.1
COSMOS_12212,0.1
COSMOS_12217,0.01
COSMOS_12222,0.7
COSMOS_12223,0.2
COSMOS_12224,0.0
COSMOS_12228,0.6
COSMOS_12230,0.0
COSMOS_12231,0.0
COSMOS_12232,0.3
COSMOS_12233,0.01
COSMOS_12238,0.1
COSMOS_12248,0.0
COSMOS_12253,0.2
COSMOS_12256,0.0
COSMOS_12257,0.1
COSMOS_12260,0.1
COSMOS_12261,0.0
COSMOS_12262,0.0
COSMOS_12263,0.0
COSMOS_12264,0.01
COSMOS_12268,0.0
COSMOS_12275,0.01
COSMOS_12277,0.0
COSMOS_12285,0.0
COSMOS_12286,0.0
COSMOS_12289,0.1
COSMOS_12297,0.0
COSMOS_12299,0.0
COSMOS_12303,0.1
COSMOS_12312,0.0
COSMOS_12316,0.1
COSMOS_12324,0.0
COSMOS_12326,0.4
COSMOS_12327,0.0
COSMOS_12331,0.0
COSMOS_12333,0.6
COSMOS_12336,0.0
COSMOS_12346,0.1
COSMOS_12350,0.01
COSMOS_12354,0.0
COSMOS_12355,0.01
COSMOS_12357,0.1
COSMOS_12367,0.2
COSMOS_12368,0.01
COSMOS_12372,0.0
COSMOS_12376,0.1
COSMOS_12378,0.01
COSMOS_12379,0.0
COSMOS_12380,0.0
COSMOS_12404,0.0
COSMOS_12405,0.0
COSMOS_12409,0.01
COSMOS_12413,0.01
COSMOS_12415,0.01
COSMOS_12420,0.1
COSMOS_12423,0.0
COSMOS_12427,0.4
COSMOS_12428,0.5
COSMOS_12434,0.0
COSMOS_12436,0.0
COSMOS_12441,0.0
COSMOS_12446,0.01
COSMOS_12454,0.0
COSMOS_12457,0.3
COSMOS_12460,0.0
COSMOS_12472,0.0
COSMOS_12474,0.0
COSMOS_12478,0.0
COSMOS_12484,0.0
COSMOS_12487,0.0
COSMOS_12488,0.0
COSMOS_12489,0.2
COSMOS_12490,0.4
COSMOS_12494,0.0
COSMOS_12495,0.1
COSMOS_12496,0.0
COSMOS_12500,0.2
COSMOS_12505,0.01
COSMOS_12509,0.0
COSMOS_12510,0.0
COSMOS_12512,0.1
COSMOS_12513,0.6
COSMOS_12514,0.0
COSMOS_12519,0.0
COSMOS_12522,0.0
COSMOS_12524,0.2
COSMOS_12531,0.0
COSMOS_12540,0.0
COSMOS_12543,0.0
COSMOS_12549,0.1
COSMOS_12552,0.1
COSMOS_12554,0.01
COSMOS_12561,0.0
COSMOS_12566,0.2
COSMOS_12568,0.0
COSMOS_12575,0.0
COSMOS_12582,0.0
COSMOS_12583,0.3
COSMOS_12601,0.01
COSMOS_12611,0.0
COSMOS_12612,0.01
COSMOS_12616,0.0
COSMOS_12617,0.01
COSMOS_12624,0.0
COSMOS_12633,0.0
COSMOS_12635,0.0
COSMOS_12644,0.0
COSMOS_12646,0.0
COSMOS_12649,0.0
COSMOS_12653,0.0
COSMOS_12662,0.4
COSMOS_12664,0.1
COSMOS_12666,0.0
COSMOS_12668,0.3
COSMOS_12669,0.0
COSMOS_12673,0.7
COSMOS_12685,0.01
COSMOS_12688,0.0
COSMOS_12697,0.2
COSMOS_12698,0.0
COSMOS_12709,0.0
COSMOS_12712,0.1
COSMOS_12717,0.0
COSMOS_12718,0.0
COSMOS_12720,0.2
COSMOS_12722,0.01
COSMOS_12725,0.0
COSMOS_12726,0.0
COSMOS_12732,0.0
COSMOS_12739,0.0
COSMOS_12741,0.0
COSMOS_12752,0.5
COSMOS_12762,0.2
COSMOS_12767,0.1
COSMOS_12777,0.2
COSMOS_12780,0.01
COSMOS_12782,0.3
COSMOS_12783,0.0
COSMOS_12784,0.3
COSMOS_12787,0.2
COSMOS_12788,0.6
COSMOS_12803,0.0
COSMOS_12813,0.0
COSMOS_12814,0.0
COSMOS_12815,0.1
COSMOS_12817,0.01
COSMOS_12822,0.0
COSMOS_12828,0.0
COSMOS_12830,0.0
COSMOS_12840,0.0
COSMOS_12843,0.0
COSMOS_12844,0.0
COSMOS_12852,0.0
COSMOS_12861,0.3
COSMOS_12865,0.0
COSMOS_12870,0.1
COSMOS_12890,0.1
COSMOS_12893,0.0
COSMOS_12901,0.1
COSMOS_12906,0.0
COSMOS_12907,0.3
COSMOS_12912,0.6
COSMOS_12915,0.0
COSMOS_12917,0.0
COSMOS_12918,0.0
COSMOS_12924,0.4
COSMOS_12930,0.0
COSMOS_12932,0.0
COSMOS_12934,0.0
COSMOS_12938,0.1
COSMOS_12939,0.5
COSMOS_12940,0.01
COSMOS_12943,0.0
COSMOS_12946,0.0
COSMOS_12948,0.01
COSMOS_12950,0.5
COSMOS_12957,0.1
COSMOS_12963,0.0
COSMOS_12976,0.0
COSMOS_12985,0.6
COSMOS_12990,0.2
COSMOS_12993,0.01
COSMOS_12996,0.5
COSMOS_12997,0.0
COSMOS_13003,0.0
COSMOS_13008,0.01
COSMOS_13015,0.4
COSMOS_13018,0.1
COSMOS_13021,0.4
COSMOS_13023,0.01
COSMOS_13027,0.2
COSMOS_13035,0.2
COSMOS_13036,0.0
COSMOS_13040,0.01
COSMOS_13047,0.0
COSMOS_13058,0.2
COSMOS_13061,0.0
COSMOS_13068,0.2
COSMOS_13072,0.4
COSMOS_13076,0.0
COSMOS_13083,0.0
COSMOS_13084,0.01
COSMOS_13092,0.1
COSMOS_13093,0.1
COSMOS_13102,0.1
COSMOS_13103,0.0
COSMOS_13107,0.9
COSMOS_13114,0.0
COSMOS_13117,0.01
COSMOS_13120,0.3
COSMOS_13121,0.0
COSMOS_13125,0.0
COSMOS_13136,0.1
COSMOS_13142,0.2
COSMOS_13144,0.4
COSMOS_13149,0.0
COSMOS_13150,0.7
COSMOS_13153,0.2
COSMOS_13155,0.0
COSMOS_13157,0.3
COSMOS_13158,0.0
COSMOS_13162,0.1
COSMOS_13169,0.01
COSMOS_13170,0.5
COSMOS_13172,0.8
COSMOS_13173,0.7
COSMOS_13175,0.5
COSMOS_13177,0.1
COSMOS_13178,0.01
COSMOS_13179,0.0
COSMOS_13180,0.1
COSMOS_13186,0.0
COSMOS_13189,0.7
COSMOS_13191,0.1
COSMOS_13201,0.0
COSMOS_13209,0.0
COSMOS_13220,0.0
COSMOS_13223,0.1
COSMOS_13225,0.6
COSMOS_13226,0.1
COSMOS_13232,0.3
COSMOS_13243,0.9
COSMOS_13244,0.1
COSMOS_13248,0.5
COSMOS_13250,0.0
COSMOS_13256,0.0
COSMOS_13258,0.01
COSMOS_13266,0.0
COSMOS_13267,0.0
COSMOS_13268,0.1
COSMOS_13280,0.2
COSMOS_13286,0.01
COSMOS_13287,0.1
COSMOS_13288,0.0
COSMOS_13292,0.01
COSMOS_13302,0.1
COSMOS_13309,0.4
COSMOS_13314,0.1
COSMOS_13319,0.0
COSMOS_13320,0.0
COSMOS_13322,0.0
COSMOS_13329,0.1
COSMOS_13333,0.1
COSMOS_13339,0.0
COSMOS_13342,0.3
COSMOS_13359,0.0
COSMOS_13365,0.3
COSMOS_13382,0.2
COSMOS_13394,0.0
COSMOS_13401,0.3
COSMOS_13402,0.0
COSMOS_13403,0.2
COSMOS_13407,0.7
COSMOS_13409,0.0
COSMOS_13412,0.2
COSMOS_13417,0.01
COSMOS_13427,0.0
COSMOS_13435,0.0
COSMOS_13444,0.1
COSMOS_13451,0.0
COSMOS_13453,0.7
COSMOS_13458,0.01
COSMOS_13467,0.2
COSMOS_13470,0.0
COSMOS_13471,0.0
COSMOS_13472,0.5
COSMOS_13473,0.1
COSMOS_13477,0.0
COSMOS_13481,0.0
COSMOS_13486,0.0
COSMOS_13490,0.0
COSMOS_13496,0.1
COSMOS_13502,0.2
COSMOS_13510,0.0
COSMOS_13519,0.0
COSMOS_13525,0.0
COSMOS_13526,0.5
COSMOS_13535,0.1
COSMOS_13538,0.0
COSMOS_13542,0.2
COSMOS_13543,0.6
COSMOS_13548,0.0
COSMOS_13551,0.1
COSMOS_13574,0.5
COSMOS_13582,0.0
COSMOS_13587,0.6
COSMOS_13590,0.0
COSMOS_13604,0.1
COSMOS_13606,0.2
COSMOS_13626,0.0
COSMOS_13628,0.0
COSMOS_13630,0.1
COSMOS_13633,0.0
COSMOS_13635,0.4
COSMOS_13638,0.0
COSMOS_13648,0.0
COSMOS_13651,0.0
COSMOS_13657,0.2
COSMOS_13665,0.0
COSMOS_13668,0.01
COSMOS_13671,0.0
COSMOS_13672,0.0
COSMOS_13675,0.2
COSMOS_13680,0.6
COSMOS_13694,0.2
COSMOS_13699,0.2
COSMOS_13706,0.1
COSMOS_13709,0.2
COSMOS_13712,0.2
COSMOS_13717,0.01
COSMOS_13718,0.5
COSMOS_13719,0.2
COSMOS_13726,0.4
COSMOS_13734,0.5
COSMOS_13737,0.0
COSMOS_13739,0.3
COSMOS_13741,0.0
COSMOS_13747,0.1
COSMOS_13749,0.0
COSMOS_13751,0.1
COSMOS_13755,0.3
COSMOS_13758,0.0
COSMOS_13769,0.0
COSMOS_13784,0.3
COSMOS_13795,0.0
COSMOS_13799,0.1
COSMOS_13800,0.5
COSMOS_13801,0.0
COSMOS_13804,0.4
COSMOS_13806,0.3
COSMOS_13812,0.1
COSMOS_13813,0.3
COSMOS_13816,0.1
COSMOS_13820,0.0
COSMOS_13822,0.0
COSMOS_13825,0.1
COSMOS_13832,0.4
COSMOS_13833,0.0
COSMOS_13847,0.0
COSMOS_13849,0.0
COSMOS_13852,0.0
COSMOS_13853,0.3
COSMOS_13859,0.5
COSMOS_13868,0.1
COSMOS_13871,0.01
COSMOS_13884,0.0
COSMOS_13891,0.4
COSMOS_13892,0.2
COSMOS_13894,0.9
COSMOS_13897,0.1
COSMOS_13900,0.1
COSMOS_13904,0.0
COSMOS_13907,0.6
COSMOS_13908,0.0
COSMOS_13910,0.0
COSMOS_13917,0.1
COSMOS_13918,0.01
COSMOS_13920,0.0
COSMOS_13925,0.0
COSMOS_13927,0.1
COSMOS_13938,0.0
COSMOS_13951,0.0
COSMOS_13952,0.4
COSMOS_13964,0.1
COSMOS_13967,0.0
COSMOS_13970,0.01
COSMOS_13974,0.2
COSMOS_13986,0.2
COSMOS_13989,0.2
COSMOS_13991,0.1
COSMOS_13992,0.0
COSMOS_13993,0.0
COSMOS_13995,0.2
COSMOS_13998,0.0
COSMOS_14019,0.6
COSMOS_14022,0.01
COSMOS_14029,0.0
COSMOS_14041,0.6
COSMOS_14042,0.0
COSMOS_14047,0.1
COSMOS_14058,0.0
COSMOS_14059,0.0
COSMOS_14064,0.1
COSMOS_14072,0.3
COSMOS_14079,0.0
COSMOS_14087,0.8
COSMOS_14089,0.5
COSMOS_14096,0.1
COSMOS_14097,0.0
COSMOS_14100,0.1
COSMOS_14104,0.0
COSMOS_14111,0.2
COSMOS_14112,0.0
COSMOS_14117,0.0
COSMOS_14121,0.0
COSMOS_14122,0.0
COSMOS_14123,0.0
COSMOS_14128,0.0
COSMOS_14140,0.01
COSMOS_14154,0.01
COSMOS_14155,0.4
COSMOS_14161,0.0
COSMOS_14163,0.01
COSMOS_14165,0.0
COSMOS_14166,0.3
COSMOS_14169,0.2
COSMOS_14170,0.0
COSMOS_14176,0.01
COSMOS_14177,0.0
COSMOS_14178,0.0
COSMOS_14179,0.0
COSMOS_14181,0.0
COSMOS_14191,0.1
COSMOS_14192,0.0
COSMOS_14195,0.1
COSMOS_14196,0.0
COSMOS_14197,0.8
COSMOS_14199,0.0
COSMOS_14206,0.0
COSMOS_14214,0.0
COSMOS_14217,0.1
COSMOS_14220,0.3
COSMOS_14221,0.4
COSMOS_14223,0.0
COSMOS_14228,0.01
COSMOS_14232,0.8
COSMOS_14247,0.0
COSMOS_14251,0.0
COSMOS_14252,0.0
COSMOS_14268,0.1
COSMOS_14275,0.2
COSMOS_14283,0.0
COSMOS_14284,0.2
COSMOS_14289,0.2
COSMOS_14292,0.5
COSMOS_14299,0.0
COSMOS_14301,0.2
COSMOS_14303,0.0
COSMOS_14304,0.01
COSMOS_14310,0.0
COSMOS_14316,0.0
COSMOS_14322,0.2
COSMOS_14323,0.0
COSMOS_14326,0.1
COSMOS_14330,0.5
COSMOS_14333,0.0
COSMOS_14342,0.0
COSMOS_14343,0.01
COSMOS_14344,0.01
COSMOS_14345,0.8
COSMOS_14348,0.1
COSMOS_14349,0.2
COSMOS_14370,0.1
COSMOS_14371,0.9
COSMOS_14387,0.1
COSMOS_14391,0.1
COSMOS_14397,0.0
COSMOS_14400,0.1
COSMOS_14402,0.0
COSMOS_14405,0.1
COSMOS_14412,0.0
COSMOS_14413,0.1
COSMOS_14417,0.0
COSMOS_14420,0.1
COSMOS_14434,0.2
COSMOS_14448,0.0
COSMOS_14451,0.0
COSMOS_14454,0.0
COSMOS_14455,0.0
COSMOS_14469,0.4
COSMOS_14470,0.01
COSMOS_14480,0.0
COSMOS_14487,0.1
COSMOS_14494,0.0
COSMOS_14495,0.1
COSMOS_14498,0.1
COSMOS_14500,0.5
COSMOS_14501,0.1
COSMOS_14505,0.01
COSMOS_14507,0.2
COSMOS_14509,0.4
COSMOS_14512,0.0
COSMOS_14521,0.2
COSMOS_14522,0.1
COSMOS_14529,0.7
COSMOS_14531,0.1
COSMOS_14538,0.0
COSMOS_14543,0.2
COSMOS_14551,0.4
COSMOS_14553,0.1
COSMOS_14561,0.2
COSMOS_14564,0.0
COSMOS_14579,0.1
COSMOS_14583,0.4
COSMOS_14585,0.1
COSMOS_14587,0.1
COSMOS_14588,0.2
COSMOS_14590,0.5
COSMOS_14603,0.0
COSMOS_14605,0.3
COSMOS_14607,0.1
COSMOS_14608,0.0
COSMOS_14612,0.5
COSMOS_14613,0.0
COSMOS_14617,0.1
COSMOS_14621,0.3
COSMOS_14648,0.0
COSMOS_14649,0.0
COSMOS_14653,0.01
COSMOS_14659,0.4
COSMOS_14662,0.3
COSMOS_14664,0.4
COSMOS_14665,0.2
COSMOS_14666,0.0
COSMOS_14672,0.0
COSMOS_14675,0.6
COSMOS_14676,0.0
COSMOS_14681,0.0
COSMOS_14694,0.0
COSMOS_14696,0.01
COSMOS_14697,0.0
COSMOS_14701,0.1
COSMOS_14708,0.0
COSMOS_14710,0.0
COSMOS_14712,0.4
COSMOS_14726,0.01
COSMOS_14727,0.0
COSMOS_14741,0.0
COSMOS_14746,0.01
COSMOS_14747,0.01
COSMOS_14749,0.01
COSMOS_14750,0.0
COSMOS_14752,0.0
COSMOS_14753,0.0
COSMOS_14756,0.0
COSMOS_14765,0.6
COSMOS_14766,0.01
COSMOS_14768,0.1
COSMOS_14771,0.0
COSMOS_14773,0.2
COSMOS_14786,0.0
COSMOS_14790,0.0
COSMOS_14791,0.0
COSMOS_14792,0.4
COSMOS_14793,0.1
COSMOS_14797,0.01
COSMOS_14801,0.1
COSMOS_14802,0.0
COSMOS_14807,0.3
COSMOS_14811,0.1
COSMOS_14813,0.0
COSMOS_14815,0.2
COSMOS_14819,0.2
COSMOS_14823,0.1
COSMOS_14828,0.2
COSMOS_14835,0.0
COSMOS_14838,0.0
COSMOS_14845,0.0
COSMOS_14847,0.0
COSMOS_14856,0.1
COSMOS_14860,0.3
COSMOS_14861,0.0
COSMOS_14866,0.7
COSMOS_14867,0.3
COSMOS_14871,0.4
COSMOS_14875,0.0
COSMOS_14876,0.0
COSMOS_14888,0.0
COSMOS_14891,0.01
COSMOS_14892,0.6
COSMOS_14893,0.01
COSMOS_14897,0.0
COSMOS_14912,0.2
COSMOS_14915,0.2
COSMOS_14938,0.7
COSMOS_14947,0.0
COSMOS_14949,0.0
COSMOS_14961,0.0
COSMOS_14964,0.6
COSMOS_14970,0.2
COSMOS_14979,0.7
COSMOS_14980,0.1
COSMOS_14986,0.0
COSMOS_14990,0.7
COSMOS_15002,0.4
COSMOS_15005,0.3
COSMOS_15018,0.01
COSMOS_15026,0.1
COSMOS_15031,0.0
COSMOS_15036,0.0
COSMOS_15041,0.0
COSMOS_15046,0.0
COSMOS_15047,0.0
COSMOS_15049,0.7
COSMOS_15050,0.0
COSMOS_15061,0.0
COSMOS_15070,0.3
COSMOS_15071,0.0
COSMOS_15074,0.0
COSMOS_15077,0.0
COSMOS_15081,0.0
COSMOS_15084,0.3
COSMOS_15101,0.01
COSMOS_15112,0.0
COSMOS_15116,0.0
COSMOS_15127,0.0
COSMOS_15129,0.01
COSMOS_15137,0.7
COSMOS_15141,0.0
COSMOS_15142,0.2
COSMOS_15143,0.0
COSMOS_15144,0.2
COSMOS_15145,0.0
COSMOS_15147,0.0
COSMOS_15155,0.4
COSMOS_15157,0.1
COSMOS_15159,0.0
COSMOS_15160,0.2
COSMOS_15164,0.0
COSMOS_15165,0.5
COSMOS_15168,0.0
COSMOS_15175,0.3
COSMOS_15177,0.0
COSMOS_15180,0.0
COSMOS_15181,0.2
COSMOS_15193,0.0
COSMOS_15195,0.0
COSMOS_15197,0.0
COSMOS_15198,0.0
COSMOS_15200,0.4
COSMOS_15209,0.0
COSMOS_15210,0.1
COSMOS_15213,0.0
COSMOS_15232,0.0
COSMOS_15247,0.4
COSMOS_15257,0.0
COSMOS_15258,0.1
COSMOS_15259,0.01
COSMOS_15260,0.2
COSMOS_15266,0.1
COSMOS_15268,0.1
COSMOS_15270,0.2
COSMOS_15281,0.0
COSMOS_15284,0.0
COSMOS_15285,0.0
COSMOS_15291,0.0
COSMOS_15296,0.3
COSMOS_15298,0.1
COSMOS_15300,0.1
COSMOS_15302,0.1
COSMOS_15310,0.0
COSMOS_15315,0.2
COSMOS_15319,0.01
COSMOS_15322,0.0
COSMOS_15328,0.1
COSMOS_15334,0.0
COSMOS_15341,0.0
COSMOS_15350,0.0
COSMOS_15354,0.0
COSMOS_15356,0.0
COSMOS_15357,0.1
COSMOS_15372,0.0
COSMOS_15374,0.0
COSMOS_15378,0.0
COSMOS_15391,0.0
COSMOS_15396,0.01
COSMOS_15399,0.0
COSMOS_15405,0.1
COSMOS_15408,0.1
COSMOS_15410,0.3
COSMOS_15422,0.01
COSMOS_15435,0.8
COSMOS_15459,0.0
COSMOS_15461,0.2
COSMOS_15467,0.5
COSMOS_15479,0.01
COSMOS_15480,0.0
COSMOS_15489,0.0
COSMOS_15496,0.0
COSMOS_15498,0.0
COSMOS_15502,0.0
COSMOS_15506,0.1
COSMOS_15510,0.0
COSMOS_15511,0.0
COSMOS_15515,0.3
COSMOS_15518,0.4
COSMOS_15526,0.2
COSMOS_15540,0.0
COSMOS_15554,0.01
COSMOS_15555,0.3
COSMOS_15556,0.6
COSMOS_15563,0.9
COSMOS_15564,0.0
COSMOS_15565,0.0
COSMOS_15570,0.01
COSMOS_15573,0.7
COSMOS_15577,0.7
COSMOS_15580,0.0
COSMOS_15587,0.0
COSMOS_15590,0.1
COSMOS_15592,0.4
COSMOS_15593,0.2
COSMOS_15594,0.0
COSMOS_15613,0.4
COSMOS_15614,0.0
COSMOS_15618,0.0
COSMOS_15628,0.01
COSMOS_15633,0.0
COSMOS_15637,0.1
COSMOS_15641,0.7
COSMOS_15648,0.1
COSMOS_15649,0.0
COSMOS_15654,0.0
COSMOS_15658,0.0
COSMOS_15659,0.3
COSMOS_15661,0.2
COSMOS_15668,0.0
COSMOS_15669,0.1
COSMOS_15670,0.0
COSMOS_15676,0.0
COSMOS_15683,0.0
COSMOS_15690,0.0
COSMOS_15703,0.0
COSMOS_15716,0.1
COSMOS_15722,0.01
COSMOS_15725,0.01
COSMOS_15736,0.0
COSMOS_15742,0.4
COSMOS_15745,0.8
COSMOS_15746,0.1
COSMOS_15748,0.1
COSMOS_15755,0.0
COSMOS_15760,0.1
COSMOS_15767,0.0
COSMOS_15773,0.3
COSMOS_15774,0.0
COSMOS_15775,0.1
COSMOS_15776,0.0
COSMOS_15778,0.0
COSMOS_15780,0.1
COSMOS_15788,0.5
COSMOS_15794,0.0
COSMOS_15799,0.0
COSMOS_15800,0.01
COSMOS_15804,0.0
COSMOS_15805,0.2
COSMOS_15807,0.1
COSMOS_15808,0.0
COSMOS_15815,0.0
COSMOS_15817,0.2
COSMOS_15823,0.0
COSMOS_15826,0.2
COSMOS_15830,0.0
COSMOS_15834,0.01
COSMOS_15838,0.0
COSMOS_15845,0.2
COSMOS_15863,0.3
COSMOS_15868,0.0
COSMOS_15871,0.2
COSMOS_15876,0.2
COSMOS_15885,0.2
COSMOS_15894,0.6
COSMOS_15895,0.1
COSMOS_15896,0.3
COSMOS_15910,0.2
COSMOS_15913,0.2
COSMOS_15920,0.0
COSMOS_15922,0.1
COSMOS_15925,0.0
COSMOS_15926,0.01
COSMOS_15943,0.0
COSMOS_15952,0.5
COSMOS_15954,0.6
COSMOS_15962,0.3
COSMOS_15963,0.0
COSMOS_15964,0.0
COSMOS_15966,0.0
COSMOS_15974,0.2
COSMOS_15975,0.4
COSMOS_15984,0.5
COSMOS_15986,0.2
COSMOS_16002,0.0
COSMOS_16005,0.0
COSMOS_16007,0.5
COSMOS_16013,0.01
COSMOS_16023,0.5
COSMOS_16029,0.1
COSMOS_16031,0.1
COSMOS_16041,0.2
COSMOS_16045,0.3
COSMOS_16048,0.01
COSMOS_16053,0.0
COSMOS_16059,0.3
COSMOS_16062,0.0
COSMOS_16069,0.0
COSMOS_16077,0.0
COSMOS_16082,0.3
COSMOS_16089,0.0
COSMOS_16097,0.0
COSMOS_16099,0.3
COSMOS_16102,0.0
COSMOS_16104,0.0
COSMOS_16106,0.1
COSMOS_16107,0.3
COSMOS_16114,0.2
COSMOS_16121,0.2
COSMOS_16130,0.0
COSMOS_16135,0.0
COSMOS_16137,0.0
COSMOS_16145,0.1
COSMOS_16150,0.01
COSMOS_16151,0.4
COSMOS_16152,0.3
COSMOS_16157,0.2
COSMOS_16158,0.0
COSMOS_16172,0.01
COSMOS_16175,0.4
COSMOS_16177,0.01
COSMOS_16179,0.0
COSMOS_16180,0.0
COSMOS_16182,0.1
COSMOS_16185,0.3
COSMOS_16186,0.0
COSMOS_16192,0.0
COSMOS_16195,0.0
COSMOS_16200,0.5
COSMOS_16202,0.7
COSMOS_16233,0.1
COSMOS_16240,0.1
COSMOS_16243,0.3
COSMOS_16246,0.0
COSMOS_16252,0.5
COSMOS_16262,0.0
COSMOS_16263,0.0
COSMOS_16264,0.0
COSMOS_16280,0.0
COSMOS_16282,0.0
COSMOS_16292,0.3
COSMOS_16294,0.4
COSMOS_16299,0.2
COSMOS_16304,0.2
COSMOS_16305,0.0
COSMOS_16308,0.2
COSMOS_16320,0.01
COSMOS_16323,0.0
COSMOS_16326,0.0
COSMOS_16327,0.6
COSMOS_16332,0.0
COSMOS_16340,0.1
COSMOS_16341,0.9
COSMOS_16346,0.1
COSMOS_16356,0.4
COSMOS_16363,0.0
COSMOS_16370,0.01
COSMOS_16372,0.0
COSMOS_16381,0.0
COSMOS_16404,0.0
COSMOS_16407,0.0
COSMOS_16410,0.01
COSMOS_16417,0.3
COSMOS_16420,0.0
COSMOS_16422,0.4
COSMOS_16425,0.0
COSMOS_16446,0.3
COSMOS_16464,0.5
COSMOS_16474,0.1
COSMOS_16475,0.0
COSMOS_16480,0.2
COSMOS_16495,0.0
COSMOS_16496,0.01
COSMOS_16509,0.1
COSMOS_16511,0.1
COSMOS_16515,0.2
COSMOS_16516,0.5
COSMOS_16517,0.0
COSMOS_16535,0.7
COSMOS_16542,0.0
COSMOS_16545,0.0
COSMOS_16549,0.7
COSMOS_16554,0.0
COSMOS_16556,0.0
COSMOS_16564,0.2
COSMOS_16585,0.0
COSMOS_16586,0.0
COSMOS_16589,0.5
COSMOS_16591,0.0
COSMOS_16592,0.5
COSMOS_16596,0.0
COSMOS_16598,0.1
COSMOS_16626,0.0
COSMOS_16660,0.1
COSMOS_16661,0.5
COSMOS_16662,0.0
COSMOS_16663,0.0
COSMOS_16670,0.0
COSMOS_16675,0.01
COSMOS_16685,0.7
COSMOS_16715,0.2
COSMOS_16720,0.01
COSMOS_16729,0.2
COSMOS_16732,0.01
COSMOS_16749,0.0
COSMOS_16752,0.1
COSMOS_16753,0.4
COSMOS_16757,0.0
COSMOS_16760,0.1
COSMOS_16776,0.2
COSMOS_16778,0.9
COSMOS_16785,0.6
COSMOS_16790,0.01
COSMOS_16793,0.4
COSMOS_16800,0.8
COSMOS_16817,0.5
COSMOS_16819,0.1
COSMOS_16821,0.1
COSMOS_16825,0.01
COSMOS_16826,0.3
COSMOS_16829,0.6
COSMOS_16831,0.0
COSMOS_16835,0.0
COSMOS_16836,0.7
COSMOS_16849,0.3
COSMOS_16853,0.3
COSMOS_16863,0.2
COSMOS_16865,0.3
COSMOS_16866,0.3
COSMOS_16867,0.9
COSMOS_16869,0.0
COSMOS_16870,0.1
COSMOS_16873,0.9
COSMOS_16879,0.0
COSMOS_16887,0.0
COSMOS_16891,0.0
COSMOS_16897,0.2
COSMOS_16902,0.0
COSMOS_16906,0.2
COSMOS_16914,0.0
COSMOS_16929,0.1
COSMOS_16931,0.1
COSMOS_16948,0.7
COSMOS_16964,0.3
COSMOS_16981,0.0
COSMOS_16986,0.7
COSMOS_16991,0.8
COSMOS_16994,0.0
COSMOS_17006,0.0
COSMOS_17018,0.1
COSMOS_17019,0.0
COSMOS_17021,0.2
COSMOS_17023,0.8
COSMOS_17035,0.0
COSMOS_17042,0.01
COSMOS_17043,0.0
COSMOS_17046,0.1
COSMOS_17050,0.1
COSMOS_17054,0.5
COSMOS_17056,0.0
COSMOS_17061,0.2
COSMOS_17063,0.0
COSMOS_17068,0.0
COSMOS_17070,0.2
COSMOS_17086,0.0
COSMOS_17087,0.0
COSMOS_17088,0.6
COSMOS_17092,0.01
COSMOS_17107,0.1
COSMOS_17111,0.0
COSMOS_17112,0.4
COSMOS_17117,0.9
COSMOS_17119,0.2
COSMOS_17120,0.0
COSMOS_17135,0.0
COSMOS_17137,0.3
COSMOS_17153,0.4
COSMOS_17156,0.1
COSMOS_17159,0.6
COSMOS_17160,0.2
COSMOS_17163,0.0
COSMOS_17164,0.2
COSMOS_17167,0.0
COSMOS_17171,0.8
COSMOS_17177,0.01
COSMOS_17178,0.0
COSMOS_17184,0.0
COSMOS_17189,0.2
COSMOS_17197,0.1
COSMOS_17204,0.0
COSMOS_17205,0.4
COSMOS_17206,0.0
COSMOS_17209,0.2
COSMOS_17216,0.6
COSMOS_17218,0.4
COSMOS_17222,0.0
COSMOS_17232,0.1
COSMOS_17233,0.2
COSMOS_17240,0.2
COSMOS_17242,0.0
COSMOS_17248,0.1
COSMOS_17252,0.0
COSMOS_17254,0.2
COSMOS_17262,0.1
COSMOS_17266,0.0
COSMOS_17270,0.4
COSMOS_17272,0.1
COSMOS_17273,0.3
COSMOS_17284,0.7
COSMOS_17287,0.2
COSMOS_17290,0.0
COSMOS_17295,0.2
COSMOS_17306,0.0
COSMOS_17308,0.01
COSMOS_17310,0.0
COSMOS_17312,0.01
COSMOS_17316,0.0
COSMOS_17319,0.0
COSMOS_17320,0.0
COSMOS_17322,0.0
COSMOS_17336,0.01
COSMOS_17346,0.6
COSMOS_17347,0.1
COSMOS_17349,0.0
COSMOS_17355,0.0
COSMOS_17359,0.2
COSMOS_17368,0.1
COSMOS_17373,0.1
COSMOS_17378,0.0
COSMOS_17382,0.0
COSMOS_17401,0.0
COSMOS_17412,0.1
COSMOS_17414,0.4
COSMOS_17415,0.0
COSMOS_17426,0.0
COSMOS_17438,0.0
COSMOS_17453,0.0
COSMOS_17457,0.1
COSMOS_17459,0.0
COSMOS_17461,0.1
COSMOS_17462,0.01
COSMOS_17464,0.0
COSMOS_17465,0.2
COSMOS_17474,0.6
COSMOS_17479,0.0
COSMOS_17483,0.01
COSMOS_17489,0.01
COSMOS_17490,0.9
COSMOS_17491,0.1
COSMOS_17494,0.0
COSMOS_17495,0.0
COSMOS_17515,0.0
COSMOS_17516,0.4
COSMOS_17528,0.2
COSMOS_17542,0.0
COSMOS_17544,0.0
COSMOS_17548,0.0
COSMOS_17556,0.7
COSMOS_17564,0.4
COSMOS_17584,0.0
COSMOS_17591,0.0
COSMOS_17592,0.0
COSMOS_17601,0.5
COSMOS_17608,0.0
COSMOS_17609,0.4
COSMOS_17625,0.0
COSMOS_17630,0.0
COSMOS_17633,0.0
COSMOS_17635,0.1
COSMOS_17638,0.3
COSMOS_17641,0.0
COSMOS_17643,0.0
COSMOS_17647,0.5
COSMOS_17664,0.3
COSMOS_17668,0.0
COSMOS_17671,0.0
COSMOS_17672,0.0
COSMOS_17681,0.1
COSMOS_17692,0.1
COSMOS_17696,0.1
COSMOS_17699,0.1
COSMOS_17709,0.4
COSMOS_17712,0.0
COSMOS_17715,0.3
COSMOS_17717,0.0
COSMOS_17722,0.0
COSMOS_17730,0.0
COSMOS_17732,0.0
COSMOS_17736,0.0
COSMOS_17747,0.7
COSMOS_17754,0.3
COSMOS_17755,0.0
COSMOS_17757,0.0
COSMOS_17773,0.2
COSMOS_17776,0.0
COSMOS_17778,0.5
COSMOS_17783,0.5
COSMOS_17785,0.2
COSMOS_17789,0.0
COSMOS_17790,0.0
COSMOS_17795,0.0
COSMOS_17805,0.0
COSMOS_17806,0.1
COSMOS_17813,0.8
COSMOS_17829,0.4
COSMOS_17836,0.2
COSMOS_17840,0.5
COSMOS_17843,0.1
COSMOS_17850,0.01
COSMOS_17854,0.0
COSMOS_17857,0.1
COSMOS_17863,0.0
COSMOS_17881,0.1
COSMOS_17898,0.01
COSMOS_17902,0.4
COSMOS_17912,0.0
COSMOS_17923,0.1
COSMOS_17935,0.01
COSMOS_17936,0.7
COSMOS_17938,0.0
COSMOS_17948,0.0
COSMOS_17952,0.1
COSMOS_17954,0.0
COSMOS_17969,0.2
COSMOS_18007,0.9
COSMOS_18013,0.0
COSMOS_18045,0.01
COSMOS_18047,0.0
COSMOS_18121,0.2
COSMOS_18125,0.5
COSMOS_18138,0.01
COSMOS_18143,0.0
COSMOS_18144,0.0
COSMOS_18220,0.3
COSMOS_18338,0.0
COSMOS_18408,0.0
COSMOS_18525,0.01
COSMOS_19133,0.7
COSMOS_19145,0.0
COSMOS_19207,0.0
COSMOS_19394,0.4
COSMOS_19441,0.0
COSMOS_19448,0.0
COSMOS_19468,0.0
COSMOS_19474,0.0
COSMOS_19516,0.6
COSMOS_19543,0.3
COSMOS_19555,0.1
COSMOS_19567,0.2
COSMOS_19568,0.1
COSMOS_19586,0.0
COSMOS_19604,0.0
COSMOS_19614,0.0
COSMOS_19618,0.1
COSMOS_19620,0.0
COSMOS_19659,0.0
COSMOS_19660,0.01
COSMOS_19673,0.0
COSMOS_19678,0.01
COSMOS_19686,0.01
COSMOS_19695,0.0
COSMOS_19696,0.1
COSMOS_19703,0.4
COSMOS_19708,0.0
COSMOS_19711,0.0
COSMOS_19726,0.0
COSMOS_19735,0.0
COSMOS_19755,0.2
COSMOS_19756,0.0
COSMOS_19766,0.01
COSMOS_19773,0.0
COSMOS_19775,0.0
COSMOS_19779,0.0
COSMOS_19786,0.1
COSMOS_19787,0.1
COSMOS_19806,0.2
COSMOS_19819,0.0
COSMOS_19824,0.2
COSMOS_19832,0.4
COSMOS_19834,0.0
COSMOS_19837,0.0
COSMOS_19846,0.01
COSMOS_19848,0.1
COSMOS_19849,0.4
COSMOS_19852,0.0
COSMOS_19855,0.0
COSMOS_19859,0.0
COSMOS_19870,0.01
COSMOS_19873,0.1
COSMOS_19876,0.4
COSMOS_19890,0.2
COSMOS_19898,0.0
COSMOS_19901,0.0
COSMOS_19912,0.0
COSMOS_19913,0.0
COSMOS_19914,0.0
COSMOS_19929,0.6
COSMOS_19942,0.0
COSMOS_19944,0.4
COSMOS_19953,0.0
COSMOS_19954,0.0
COSMOS_19959,0.0
COSMOS_19960,0.6
COSMOS_19961,0.01
COSMOS_19967,0.3
COSMOS_19988,0.0
COSMOS_19998,0.01
COSMOS_19999,0.0
COSMOS_20003,0.0
COSMOS_20007,0.1
COSMOS_20018,0.0
COSMOS_20023,0.3
COSMOS_20024,0.2
COSMOS_20028,0.0
COSMOS_20031,0.0
COSMOS_20042,0.0
COSMOS_20044,0.2
COSMOS_20048,0.0
COSMOS_20055,0.1
COSMOS_20058,0.7
COSMOS_20060,0.1
COSMOS_20078,0.0
COSMOS_20083,0.0
COSMOS_20087,0.1
COSMOS_20088,0.0
COSMOS_20095,0.1
COSMOS_20105,0.9
COSMOS_20109,0.1
COSMOS_20116,0.0
COSMOS_20129,0.0
COSMOS_20136,0.1
COSMOS_20139,0.0
COSMOS_20141,0.3
COSMOS_20145,0.0
COSMOS_20149,0.0
COSMOS_20154,0.01
COSMOS_20155,0.01
COSMOS_20161,0.1
COSMOS_20164,0.0
COSMOS_20178,0.6
COSMOS_20179,0.0
COSMOS_20181,0.0
COSMOS_20182,0.0
COSMOS_20184,0.2
COSMOS_20185,0.7
COSMOS_20189,0.2
COSMOS_20195,0.01
COSMOS_20196,0.0
COSMOS_20202,0.0
COSMOS_20206,0.0
COSMOS_20211,0.01
COSMOS_20216,0.0
COSMOS_20224,0.0
COSMOS_20247,0.0
COSMOS_20253,0.01
COSMOS_20255,0.0
COSMOS_20258,0.01
COSMOS_20277,0.0
COSMOS_20285,0.8
COSMOS_20299,0.0
COSMOS_20305,0.3
COSMOS_20307,0.0
COSMOS_20309,0.01
COSMOS_20310,0.4
COSMOS_20320,0.4
COSMOS_20321,0.0
COSMOS_20327,0.0
COSMOS_20332,0.4
COSMOS_20339,0.01
COSMOS_20340,0.0
COSMOS_20347,0.3
COSMOS_20349,0.6
COSMOS_20362,0.0
COSMOS_20371,0.2
COSMOS_20376,0.0
COSMOS_20377,0.1
COSMOS_20378,0.0
COSMOS_20383,0.1
COSMOS_20384,0.0
COSMOS_20386,0.0
COSMOS_20393,0.01
COSMOS_20395,0.0
COSMOS_20396,0.4
COSMOS_20399,0.5
COSMOS_20401,0.4
COSMOS_20404,0.1
COSMOS_20405,0.01
COSMOS_20413,0.4
COSMOS_20437,0.7
COSMOS_20438,0.0
COSMOS_20442,0.0
COSMOS_20447,0.0
COSMOS_20448,0.0
COSMOS_20451,0.1
COSMOS_20455,0.4
COSMOS_20474,0.0
COSMOS_20483,0.1
COSMOS_20485,0.0
COSMOS_20493,0.1
COSMOS_20495,0.2
COSMOS_20496,0.0
COSMOS_20505,0.01
COSMOS_20510,0.1
COSMOS_20512,0.0
COSMOS_20516,0.5
COSMOS_20521,0.0
COSMOS_20532,0.0
COSMOS_20533,0.2
COSMOS_20550,0.1
COSMOS_20554,0.0
COSMOS_20555,0.1
COSMOS_20558,0.0
COSMOS_20562,0.3
COSMOS_20563,0.2
COSMOS_20565,0.0
COSMOS_20572,0.0
COSMOS_20574,0.2
COSMOS_20575,0.0
COSMOS_20576,0.0
COSMOS_20580,0.0
COSMOS_20588,0.4
COSMOS_20589,0.2
COSMOS_20598,0.0
COSMOS_20606,0.0
COSMOS_20611,0.4
COSMOS_20615,0.3
COSMOS_20620,0.0
COSMOS_20625,0.01
COSMOS_20632,0.1
COSMOS_20639,0.0
COSMOS_20641,0.8
COSMOS_20645,0.0
COSMOS_20646,0.01
COSMOS_20647,0.2
COSMOS_20659,0.2
COSMOS_20664,0.0
COSMOS_20672,0.01
COSMOS_20675,0.0
COSMOS_20678,0.4
COSMOS_20696,0.0
COSMOS_20698,0.0
COSMOS_20704,0.1
COSMOS_20711,0.0
COSMOS_20716,0.0
COSMOS_20723,0.1
COSMOS_20740,0.1
COSMOS_20749,0.0
COSMOS_20755,0.01
COSMOS_20760,0.0
COSMOS_20781,0.0
COSMOS_20782,0.0
COSMOS_20783,0.0
UDS_1143,0.01
UDS_1270,0.1
UDS_1271,0.1
UDS_1326,0.1
UDS_1327,0.6
UDS_1335,0.1
UDS_1336,0.8
UDS_1342,0.01
UDS_1346,0.4
UDS_1351,0.5
UDS_1357,0.1
UDS_1364,0.01
UDS_1369,0.1
UDS_1398,0.01
UDS_1415,0.7
UDS_1424,0.01
UDS_1427,0.01
UDS_1438,0.6
UDS_1445,0.2
UDS_1454,0.5
UDS_1469,0.0
UDS_1474,0.01
UDS_1480,0.4
UDS_1488,0.1
UDS_1502,0.1
UDS_1507,0.1
UDS_1511,0.01
UDS_1512,0.2
UDS_1514,0.1
UDS_1532,0.3
UDS_1548,0.01
UDS_1551,0.3
UDS_1556,0.0
UDS_1567,0.1
UDS_1582,0.6
UDS_1583,0.01
UDS_1587,0.0
UDS_1594,0.0
UDS_1597,0.3
UDS_1611,0.7
UDS_1622,0.8
UDS_1623,0.2
UDS_1629,0.8
UDS_1634,0.9
UDS_1645,0.2
UDS_1647,0.2
UDS_1685,0.3
UDS_1700,0.1
UDS_1703,0.6
UDS_1716,0.1
UDS_1717,0.0
UDS_1724,0.3
UDS_1729,0.2
UDS_1731,0.2
UDS_1734,0.01
UDS_1752,0.01
UDS_1753,0.7
UDS_1757,0.1
UDS_1760,0.0
UDS_1787,0.01
UDS_1790,0.5
UDS_1796,0.0
UDS_1805,0.1
UDS_1816,0.1
UDS_1819,0.2
UDS_1821,0.6
UDS_1822,0.01
UDS_1823,0.2
UDS_1863,0.4
UDS_1884,0.0
UDS_1889,0.01
UDS_1892,0.2
UDS_1903,0.1
UDS_1917,0.1
UDS_1921,0.5
UDS_1923,0.0
UDS_1924,0.1
UDS_1936,0.1
UDS_1956,0.1
UDS_1965,0.0
UDS_1982,0.4
UDS_1994,0.5
UDS_2010,0.0
UDS_2018,0.7
UDS_2025,0.01
UDS_2032,0.9
UDS_2037,0.6
UDS_2040,0.4
UDS_2051,0.01
UDS_2056,0.1
UDS_2062,0.5
UDS_2065,0.1
UDS_2072,0.01
UDS_2077,0.01
UDS_2078,0.0
UDS_2080,0.5
UDS_2085,0.0
UDS_2092,0.1
UDS_2093,0.3
UDS_2096,0.0
UDS_2102,0.01
UDS_2107,0.3
UDS_2117,0.0
UDS_2125,0.0
UDS_2130,0.7
UDS_2134,0.1
UDS_2142,0.01
UDS_2144,0.3
UDS_2145,0.7
UDS_2161,0.01
UDS_2178,0.3
UDS_2191,0.0
UDS_2195,0.4
UDS_2205,0.0
UDS_2211,0.0
UDS_2212,0.4
UDS_2213,0.0
UDS_2215,0.4
UDS_2230,0.3
UDS_2233,0.3
UDS_2244,0.01
UDS_2248,0.5
UDS_2252,0.1
UDS_2260,0.3
UDS_2267,0.3
UDS_2279,0.1
UDS_2281,0.01
UDS_2286,0.0
UDS_2291,0.01
UDS_2297,0.4
UDS_2301,0.01
UDS_2308,0.0
UDS_2320,0.1
UDS_2323,0.2
UDS_2330,0.0
UDS_2339,0.0
UDS_2343,0.0
UDS_2351,0.01
UDS_2361,0.0
UDS_2368,0.7
UDS_2378,0.2
UDS_2380,0.01
UDS_2384,0.1
UDS_2404,0.1
UDS_2417,0.01
UDS_2420,0.3
UDS_2438,0.3
UDS_2440,0.0
UDS_2442,0.1
UDS_2446,0.8
UDS_2447,0.2
UDS_2454,0.0
UDS_2461,0.1
UDS_2462,0.1
UDS_2477,0.1
UDS_2481,0.0
UDS_2491,0.4
UDS_2505,0.1
UDS_2506,0.6
UDS_2512,0.2
UDS_2533,0.0
UDS_2536,0.1
UDS_2538,0.5
UDS_2549,0.0
UDS_2560,0.5
UDS_2564,0.4
UDS_2579,0.01
UDS_2612,0.1
UDS_2675,0.01
UDS_2677,0.1
UDS_2742,0.2
UDS_2744,0.0
UDS_2760,0.0
UDS_2773,0.0
UDS_2774,0.0
UDS_2776,0.8
UDS_2830,0.2
UDS_2840,0.8
UDS_2842,0.7
UDS_2851,0.0
UDS_2859,0.0
UDS_2860,0.3
UDS_2866,0.2
UDS_2870,0.0
UDS_2873,0.5
UDS_2876,0.0
UDS_2884,0.01
UDS_2886,0.99
UDS_2893,0.1
UDS_2903,0.0
UDS_2904,0.0
UDS_2909,0.01
UDS_2918,0.1
UDS_2939,0.2
UDS_2956,0.1
UDS_2957,0.1
UDS_2981,0.5
UDS_2986,0.8
UDS_2988,0.01
UDS_3013,0.2
UDS_3022,0.0
UDS_3042,0.01
UDS_3045,0.2
UDS_3068,0.2
UDS_3073,0.1
UDS_3074,0.0
UDS_3083,0.0
UDS_3085,0.8
UDS_3088,0.1
UDS_3093,0.3
UDS_3094,0.5
UDS_3096,0.2
UDS_3099,0.0
UDS_3100,0.0
UDS_3106,0.01
UDS_3108,0.3
UDS_3111,0.1
UDS_3115,0.0
UDS_3153,0.0
UDS_3171,0.01
UDS_3185,0.1
UDS_3187,0.01
UDS_3199,0.1
UDS_3201,0.0
UDS_3203,0.01
UDS_3204,0.9
UDS_3217,0.2
UDS_3221,0.4
UDS_3226,0.0
UDS_3230,0.2
UDS_3232,0.01
UDS_3237,0.01
UDS_3241,0.2
UDS_3246,0.2
UDS_3251,0.1
UDS_3252,0.0
UDS_3259,0.0
UDS_3261,0.0
UDS_3264,0.0
UDS_3287,0.9
UDS_3290,0.6
UDS_3291,0.4
UDS_3293,0.6
UDS_3298,0.0
UDS_3314,0.01
UDS_3318,0.0
UDS_3324,0.0
UDS_3328,0.3
UDS_3329,0.01
UDS_3332,0.2
UDS_3335,0.1
UDS_3338,0.2
UDS_3339,0.2
UDS_3340,0.5
UDS_3342,0.7
UDS_3347,0.2
UDS_3352,0.01
UDS_3366,0.01
UDS_3388,0.0
UDS_3389,0.3
UDS_3391,0.01
UDS_3400,0.3
UDS_3403,0.0
UDS_3407,0.1
UDS_3408,0.1
UDS_3409,0.0
UDS_3410,0.1
UDS_3413,0.3
UDS_3416,0.0
UDS_3425,0.5
UDS_3429,0.0
UDS_3433,0.3
UDS_3434,0.0
UDS_3437,0.0
UDS_3438,0.01
UDS_3441,0.01
UDS_3442,0.1
UDS_3444,0.7
UDS_3449,0.5
UDS_3452,0.3
UDS_3453,0.1
UDS_3454,0.2
UDS_3465,0.0
UDS_3466,0.2
UDS_3474,0.0
UDS_3477,0.01
UDS_3480,0.5
UDS_3483,0.0
UDS_3485,0.2
UDS_3497,0.1
UDS_3504,0.2
UDS_3509,0.0
UDS_3518,0.0
UDS_3523,0.9
UDS_3526,0.4
UDS_3528,0.0
UDS_3532,0.6
UDS_3540,0.01
UDS_3543,0.0
UDS_3552,0.1
UDS_3553,0.1
UDS_3556,0.3
UDS_3561,0.9
UDS_3562,0.3
UDS_3569,0.0
UDS_3571,0.6
UDS_3572,0.0
UDS_3578,0.0
UDS_3593,0.4
UDS_3610,0.0
UDS_3631,0.0
UDS_3640,0.1
UDS_3660,0.0
UDS_3666,0.1
UDS_3669,0.01
UDS_3675,0.9
UDS_3677,0.0
UDS_3678,0.1
UDS_3679,0.01
UDS_3689,0.7
UDS_3691,0.1
UDS_3692,0.01
UDS_3704,0.4
UDS_3707,0.0
UDS_3708,0.4
UDS_3709,0.01
UDS_3712,0.0
UDS_3719,0.0
UDS_3721,0.0
UDS_3725,0.0
UDS_3729,0.01
UDS_3738,0.0
UDS_3745,0.01
UDS_3748,0.0
UDS_3754,0.0
UDS_3763,0.0
UDS_3772,0.5
UDS_3775,0.1
UDS_3787,0.0
UDS_3790,0.1
UDS_3794,0.0
UDS_3805,0.0
UDS_3814,0.0
UDS_3822,0.2
UDS_3828,0.1
UDS_3830,0.0
UDS_3834,0.2
UDS_3836,0.01
UDS_3841,0.6
UDS_3849,0.0
UDS_3857,0.6
UDS_3864,0.1
UDS_3865,0.3
UDS_3866,0.3
UDS_3873,0.01
UDS_3881,0.0
UDS_3905,0.2
UDS_3906,0.3
UDS_3908,0.0
UDS_3910,0.9
UDS_3914,0.7
UDS_3927,0.8
UDS_3932,0.1
UDS_3946,0.3
UDS_3948,0.6
UDS_3950,0.0
UDS_3952,0.0
UDS_3960,0.9
UDS_3961,0.01
UDS_3962,0.0
UDS_3964,0.1
UDS_3967,0.5
UDS_3970,0.0
UDS_3971,0.1
UDS_3973,0.3
UDS_3987,0.01
UDS_4012,0.7
UDS_4025,0.8
UDS_4027,0.2
UDS_4050,0.9
UDS_4057,0.6
UDS_4078,0.1
UDS_4080,0.0
UDS_4090,0.8
UDS_4092,0.7
UDS_4095,0.4
UDS_4096,0.6
UDS_4098,0.1
UDS_4118,0.0
UDS_4125,0.0
UDS_4132,0.01
UDS_4145,0.1
UDS_4149,0.0
UDS_4151,0.1
UDS_4168,0.9
UDS_4175,0.0
UDS_4180,0.01
UDS_4210,0.01
UDS_4223,0.0
UDS_4224,0.0
UDS_4247,0.4
UDS_4268,0.1
UDS_4281,0.01
UDS_4305,0.01
UDS_4321,0.1
UDS_4327,0.01
UDS_4342,0.0
UDS_4354,0.5
UDS_4367,0.01
UDS_4385,0.1
UDS_4395,0.0
UDS_4398,0.1
UDS_4404,0.0
UDS_4405,0.01
UDS_4406,0.4
UDS_4411,0.01
UDS_4412,0.01
UDS_4420,0.8
UDS_4439,0.01
UDS_4446,0.6
UDS_4453,0.2
UDS_4457,0.6
UDS_4458,0.3
UDS_4463,0.0
UDS_4469,0.5
UDS_4471,0.1
UDS_4473,0.4
UDS_4477,0.2
UDS_4479,0.5
UDS_4480,0.1
UDS_4485,0.1
UDS_4489,0.0
UDS_4496,0.2
UDS_4508,0.4
UDS_4510,0.1
UDS_4512,0.01
UDS_4513,0.0
UDS_4515,0.3
UDS_4517,0.1
UDS_4519,0.01
UDS_4537,0.5
UDS_4539,0.01
UDS_4540,0.3
UDS_4823,0.4
UDS_4548,0.4
UDS_4549,0.01
UDS_4564,0.3
UDS_4568,0.01
UDS_4571,0.9
UDS_4579,0.8
UDS_4580,0.99
UDS_4587,0.0
UDS_4588,0.0
UDS_4594,0.9
UDS_4597,0.0
UDS_4620,0.1
UDS_4622,0.0
UDS_4629,0.3
UDS_4634,0.1
UDS_4639,0.0
UDS_4645,0.0
UDS_4652,0.4
UDS_4653,0.1
UDS_4654,0.1
UDS_4661,0.0
UDS_4663,0.1
UDS_4668,0.3
UDS_4670,0.3
UDS_4675,0.0
UDS_4677,0.0
UDS_4681,0.0
UDS_4703,0.9
UDS_4707,0.3
UDS_4710,0.5
UDS_4725,0.0
UDS_4733,0.0
UDS_4739,0.5
UDS_4746,0.0
UDS_4751,0.3
UDS_4765,0.2
UDS_4783,0.2
UDS_4790,0.0
UDS_4791,0.01
UDS_4792,0.9
UDS_4794,0.0
UDS_4799,0.3
UDS_4804,0.3
UDS_4809,0.2
UDS_4810,0.0
UDS_4825,0.0
UDS_4835,0.0
UDS_4836,0.0
UDS_4842,0.0
UDS_4845,0.0
UDS_4861,0.4
UDS_4862,0.7
UDS_4872,0.01
UDS_4888,0.5
UDS_4897,0.2
UDS_4902,0.9
UDS_4903,0.1
UDS_4906,0.7
UDS_4907,0.01
UDS_4913,0.0
UDS_4914,0.2
UDS_4917,0.01
UDS_4922,0.2
UDS_4925,0.0
UDS_4928,0.0
UDS_4930,0.3
UDS_4932,0.1
UDS_4933,0.3
UDS_4935,0.0
UDS_4937,0.1
UDS_4940,0.3
UDS_4943,0.2
UDS_4953,0.0
UDS_4958,0.0
UDS_4969,0.0
UDS_4973,0.0
UDS_4974,0.01
UDS_4988,0.2
UDS_4998,0.0
UDS_5001,0.0
UDS_5002,0.0
UDS_5010,0.01
UDS_5015,0.1
UDS_5020,0.9
UDS_5028,0.2
UDS_5034,0.0
UDS_5037,0.01
UDS_5048,0.0
UDS_5053,0.0
UDS_5057,0.01
UDS_5059,0.0
UDS_5070,0.0
UDS_5088,0.3
UDS_5095,0.0
UDS_5097,0.0
UDS_5098,0.5
UDS_5101,0.6
UDS_5102,0.0
UDS_5104,0.7
UDS_5106,0.1
UDS_5115,0.1
UDS_5121,0.01
UDS_5142,0.1
UDS_5143,0.4
UDS_5152,0.4
UDS_5160,0.0
UDS_5161,0.0
UDS_5169,0.6
UDS_5172,0.3
UDS_5177,0.0
UDS_5183,0.0
UDS_5195,0.6
UDS_5197,0.0
UDS_5200,0.01
UDS_5201,0.0
UDS_5204,0.6
UDS_5205,0.3
UDS_5216,0.1
UDS_5218,0.0
UDS_5231,0.0
UDS_5238,0.0
UDS_5243,0.0
UDS_5248,0.9
UDS_5257,0.0
UDS_5259,0.1
UDS_5260,0.0
UDS_5266,0.4
UDS_5267,0.6
UDS_5273,0.2
UDS_5274,0.0
UDS_5279,0.0
UDS_5283,0.0
UDS_5295,0.0
UDS_5296,0.01
UDS_5297,0.01
UDS_5300,0.0
UDS_5306,0.2
UDS_5314,0.4
UDS_5316,0.3
UDS_5329,0.6
UDS_5330,0.01
UDS_5333,0.1
UDS_5335,0.3
UDS_5337,0.0
UDS_5338,0.0
UDS_5340,0.0
UDS_5346,0.01
UDS_5351,0.3
UDS_5357,0.1
UDS_5361,0.0
UDS_5368,0.0
UDS_5373,0.1
UDS_5379,0.0
UDS_5380,0.0
UDS_5382,0.0
UDS_5383,0.0
UDS_5386,0.0
UDS_5390,0.7
UDS_5399,0.0
UDS_5402,0.4
UDS_5404,0.01
UDS_5405,0.7
UDS_5409,0.0
UDS_5411,0.1
UDS_5420,0.0
UDS_5431,0.0
UDS_5442,0.0
UDS_5450,0.0
UDS_5457,0.0
UDS_5472,0.0
UDS_5476,0.01
UDS_5477,0.0
UDS_5480,0.3
UDS_5483,0.2
UDS_5491,0.2
UDS_5495,0.0
UDS_5501,0.3
UDS_5502,0.01
UDS_5504,0.99
UDS_5506,0.0
UDS_5507,0.0
UDS_5508,0.3
UDS_5511,0.0
UDS_5516,0.0
UDS_5519,0.0
UDS_5524,0.2
UDS_5525,0.3
UDS_5531,0.1
UDS_5535,0.01
UDS_5553,0.0
UDS_5562,0.0
UDS_5573,0.0
UDS_5581,0.0
UDS_5585,0.3
UDS_5586,0.6
UDS_5592,0.9
UDS_5595,0.0
UDS_5603,0.0
UDS_5604,0.1
UDS_5607,0.5
UDS_5617,0.0
UDS_5621,0.0
UDS_5630,0.3
UDS_5636,0.6
UDS_5637,0.01
UDS_5640,0.0
UDS_5643,0.0
UDS_5648,0.1
UDS_5650,0.9
UDS_5655,0.0
UDS_5663,0.0
UDS_5664,0.0
UDS_5668,0.6
UDS_5670,0.3
UDS_5672,0.3
UDS_5674,0.7
UDS_5675,0.0
UDS_5678,0.01
UDS_5684,0.1
UDS_5705,0.0
UDS_5713,0.0
UDS_5714,0.01
UDS_5717,0.0
UDS_5718,0.4
UDS_5721,0.01
UDS_5724,0.0
UDS_5726,0.5
UDS_5729,0.5
UDS_5742,0.1
UDS_5744,0.4
UDS_5745,0.0
UDS_5748,0.0
UDS_5755,0.0
UDS_5757,0.9
UDS_5764,0.9
UDS_5766,0.3
UDS_5772,0.2
UDS_5781,0.8
UDS_5783,0.2
UDS_5788,0.3
UDS_5793,0.9
UDS_5794,0.0
UDS_5795,0.0
UDS_5798,0.01
UDS_5799,0.0
UDS_5826,0.0
UDS_5827,0.2
UDS_5833,0.0
UDS_5840,0.5
UDS_5842,0.4
UDS_5843,0.0
UDS_5844,0.0
UDS_5846,0.0
UDS_5848,0.01
UDS_5849,0.0
UDS_5853,0.3
UDS_5854,0.4
UDS_5858,0.01
UDS_5864,0.5
UDS_5869,0.4
UDS_5870,0.01
UDS_5886,0.0
UDS_5890,0.3
UDS_5891,0.01
UDS_5898,0.1
UDS_5902,0.1
UDS_5915,0.0
UDS_5924,0.01
UDS_5925,0.3
UDS_5928,0.5
UDS_5930,0.0
UDS_5931,0.1
UDS_5938,0.0
UDS_5942,0.3
UDS_5943,0.3
UDS_5950,0.1
UDS_5951,0.4
UDS_5959,0.0
UDS_5965,0.5
UDS_5966,0.0
UDS_5972,0.2
UDS_5985,0.0
UDS_5987,0.0
UDS_5989,0.2
UDS_6003,0.1
UDS_6006,0.5
UDS_6012,0.01
UDS_6020,0.0
UDS_6026,0.1
UDS_6033,0.1
UDS_6040,0.3
UDS_6044,0.0
UDS_6049,0.9
UDS_6052,0.5
UDS_6058,0.4
UDS_6059,0.8
UDS_6079,0.1
UDS_6083,0.01
UDS_6089,0.2
UDS_6093,0.6
UDS_6097,0.6
UDS_6100,0.2
UDS_6101,0.0
UDS_6105,0.01
UDS_6110,0.1
UDS_6113,0.5
UDS_6116,0.4
UDS_6118,0.01
UDS_6127,0.0
UDS_6130,0.2
UDS_6133,0.01
UDS_6153,0.0
UDS_6170,0.5
UDS_6182,0.0
UDS_6185,0.1
UDS_6188,0.0
UDS_6201,0.01
UDS_6211,0.01
UDS_6213,0.4
UDS_6219,0.3
UDS_6220,0.01
UDS_6231,0.0
UDS_6243,0.0
UDS_6247,0.6
UDS_6254,0.2
UDS_6258,0.2
UDS_6260,0.0
UDS_6280,0.0
UDS_6289,0.0
UDS_6295,0.2
UDS_6298,0.2
UDS_6301,0.0
UDS_6304,0.0
UDS_6308,0.8
UDS_6310,0.0
UDS_6316,0.0
UDS_6319,0.0
UDS_6326,0.1
UDS_6331,0.2
UDS_6332,0.3
UDS_6337,0.01
UDS_6345,0.3
UDS_6346,0.0
UDS_6348,0.2
UDS_6354,0.0
UDS_6363,0.0
UDS_6372,0.2
UDS_6379,0.3
UDS_6381,0.0
UDS_6392,0.3
UDS_6394,0.01
UDS_6402,0.3
UDS_6406,0.3
UDS_6407,0.4
UDS_6415,0.01
UDS_6418,0.0
UDS_6419,0.7
UDS_6423,0.3
UDS_6427,0.01
UDS_6430,0.0
UDS_6436,0.6
UDS_6437,0.9
UDS_6438,0.01
UDS_6446,0.0
UDS_6462,0.1
UDS_6464,0.9
UDS_6466,0.8
UDS_6470,0.1
UDS_6480,0.0
UDS_6483,0.6
UDS_6484,0.01
UDS_6490,0.2
UDS_6493,0.0
UDS_6495,0.2
UDS_6498,0.1
UDS_6500,0.5
UDS_6509,0.0
UDS_6514,0.8
UDS_6518,0.5
UDS_6522,0.0
UDS_6526,0.0
UDS_6557,0.0
UDS_6558,0.0
UDS_6567,0.1
UDS_6573,0.0
UDS_6581,0.3
UDS_6582,0.0
UDS_6583,0.4
UDS_6584,0.0
UDS_6592,0.1
UDS_6598,0.5
UDS_6603,0.5
UDS_6604,0.0
UDS_6607,0.01
UDS_6610,0.1
UDS_6620,0.0
UDS_6625,0.0
UDS_6640,0.0
UDS_6641,0.5
UDS_6644,0.0
UDS_6646,0.2
UDS_6647,0.1
UDS_6673,0.0
UDS_6685,0.0
UDS_6686,0.01
UDS_6694,0.4
UDS_6704,0.0
UDS_6711,0.0
UDS_6718,0.8
UDS_6729,0.3
UDS_6731,0.0
UDS_6737,0.5
UDS_6743,0.2
UDS_6744,0.0
UDS_6745,0.9
UDS_6747,0.0
UDS_6748,0.0
UDS_6750,0.01
UDS_6766,0.0
UDS_6770,0.0
UDS_6773,0.2
UDS_6774,0.01
UDS_6785,0.0
UDS_6798,0.5
UDS_6801,0.0
UDS_6803,0.01
UDS_6815,0.0
UDS_6818,0.01
UDS_6821,0.8
UDS_6831,0.6
UDS_6832,0.6
UDS_6838,0.0
UDS_6843,0.0
UDS_6852,0.01
UDS_6858,0.01
UDS_6861,0.2
UDS_6864,0.0
UDS_6865,0.2
UDS_6880,0.0
UDS_6891,0.4
UDS_6900,0.3
UDS_6918,0.1
UDS_6935,0.4
UDS_6955,0.0
UDS_6981,0.01
UDS_6982,0.6
UDS_6983,0.6
UDS_6985,0.4
UDS_6990,0.0
UDS_6994,0.7
UDS_6999,0.6
UDS_7001,0.1
UDS_7007,0.0
UDS_7012,0.0
UDS_7022,0.2
UDS_7031,0.1
UDS_7032,0.4
UDS_7033,0.0
UDS_7045,0.1
UDS_7056,0.0
UDS_7057,0.0
UDS_7063,0.0
UDS_7070,0.1
UDS_7071,0.0
UDS_7075,0.4
UDS_7081,0.0
UDS_7088,0.2
UDS_7089,0.1
UDS_7094,0.01
UDS_7106,0.2
UDS_7123,0.0
UDS_7129,0.0
UDS_7133,0.1
UDS_7139,0.2
UDS_7144,0.0
UDS_7152,0.7
UDS_7153,0.0
UDS_7159,0.01
UDS_7165,0.0
UDS_7171,0.7
UDS_7175,0.0
UDS_7177,0.0
UDS_7179,0.0
UDS_7181,0.1
UDS_7190,0.0
UDS_7213,0.0
UDS_7216,0.2
UDS_7217,0.0
UDS_7232,0.1
UDS_7234,0.0
UDS_7235,0.0
UDS_7248,0.2
UDS_7257,0.0
UDS_7262,0.0
UDS_7266,0.0
UDS_7272,0.0
UDS_7274,0.8
UDS_7280,0.01
UDS_7283,0.1
UDS_7298,0.0
UDS_7299,0.2
UDS_7301,0.2
UDS_7303,0.1
UDS_7654,0.0
UDS_7312,0.01
UDS_7313,0.0
UDS_7322,0.0
UDS_7323,0.5
UDS_7324,0.01
UDS_7333,0.0
UDS_7343,0.0
UDS_7344,0.2
UDS_7348,0.0
UDS_7354,0.0
UDS_7365,0.1
UDS_7368,0.4
UDS_7371,0.3
UDS_7375,0.0
UDS_7395,0.0
UDS_7396,0.0
UDS_7655,0.5
UDS_7399,0.0
UDS_7403,0.7
UDS_7406,0.0
UDS_7412,0.0
UDS_7426,0.01
UDS_7433,0.0
UDS_7435,0.1
UDS_7437,0.1
UDS_7439,0.5
UDS_7441,0.0
UDS_7442,0.0
UDS_7443,0.0
UDS_7445,0.1
UDS_7453,0.5
UDS_7457,0.0
UDS_7460,0.01
UDS_7465,0.0
UDS_7466,0.0
UDS_7473,0.3
UDS_7489,0.1
UDS_7490,0.0
UDS_7491,0.1
UDS_7500,0.7
UDS_7510,0.0
UDS_7511,0.4
UDS_7520,0.1
UDS_7531,0.0
UDS_7538,0.1
UDS_7548,0.0
UDS_7567,0.1
UDS_7575,0.1
UDS_7576,0.2
UDS_7578,0.01
UDS_7579,0.2
UDS_7583,0.01
UDS_7586,0.2
UDS_7589,0.1
UDS_7592,0.8
UDS_7598,0.1
UDS_7599,0.01
UDS_7601,0.1
UDS_7604,0.4
UDS_7608,0.2
UDS_7613,0.0
UDS_7614,0.0
UDS_7622,0.0
UDS_7623,0.0
UDS_7638,0.1
UDS_7645,0.01
UDS_7653,0.4
UDS_7662,0.3
UDS_7731,0.1
UDS_7671,0.0
UDS_7675,0.3
UDS_7676,0.1
UDS_7688,0.0
UDS_7690,0.01
UDS_7695,0.0
UDS_7707,0.5
UDS_7710,0.1
UDS_7711,0.0
UDS_7715,0.1
UDS_7716,0.1
UDS_7725,0.0
UDS_7729,0.0
UDS_7732,0.0
UDS_7733,0.0
UDS_7759,0.01
UDS_7741,0.0
UDS_7743,0.2
UDS_7744,0.0
UDS_7745,0.0
UDS_7747,0.2
UDS_7750,0.1
UDS_7753,0.0
UDS_7758,0.1
UDS_7771,0.0
UDS_7780,0.1
UDS_7784,0.5
UDS_7787,0.1
UDS_7788,0.4
UDS_7792,0.2
UDS_7793,0.0
UDS_7796,0.01
UDS_7800,0.0
UDS_7808,0.4
UDS_7809,0.0
UDS_7811,0.0
UDS_7820,0.3
UDS_7821,0.2
UDS_7824,0.5
UDS_7848,0.01
UDS_7850,0.0
UDS_7856,0.0
UDS_7859,0.3
UDS_7872,0.0
UDS_7875,0.6
UDS_7892,0.0
UDS_7894,0.8
UDS_7896,0.6
UDS_7899,0.0
UDS_7903,0.0
UDS_7905,0.0
UDS_7906,0.3
UDS_7914,0.1
UDS_7931,0.0
UDS_7933,0.01
UDS_7938,0.0
UDS_7940,0.01
UDS_7941,0.0
UDS_7945,0.2
UDS_7946,0.2
UDS_7947,0.1
UDS_7948,0.0
UDS_7959,0.2
UDS_7961,0.1
UDS_7970,0.0
UDS_7978,0.1
UDS_7980,0.7
UDS_7995,0.6
UDS_7996,0.3
UDS_7998,0.5
UDS_7999,0.1
UDS_8011,0.0
UDS_8017,0.3
UDS_8031,0.2
UDS_8037,0.0
UDS_8043,0.0
UDS_8052,0.0
UDS_8060,0.1
UDS_8068,0.1
UDS_8075,0.0
UDS_8091,0.2
UDS_8107,0.01
UDS_8109,0.01
UDS_8114,0.6
UDS_8115,0.0
UDS_8132,0.1
UDS_8133,0.1
UDS_8146,0.0
UDS_8150,0.01
UDS_8159,0.01
UDS_8160,0.01
UDS_8162,0.2
UDS_8191,0.1
UDS_8198,0.0
UDS_8201,0.2
UDS_8206,0.0
UDS_8212,0.0
UDS_8228,0.1
UDS_8230,0.0
UDS_8232,0.4
UDS_8241,0.0
UDS_8242,0.0
UDS_8245,0.5
UDS_8253,0.1
UDS_8254,0.01
UDS_8256,0.6
UDS_8268,0.5
UDS_8269,0.0
UDS_8275,0.01
UDS_8276,0.6
UDS_8282,0.0
UDS_8283,0.2
UDS_8285,0.0
UDS_8294,0.4
UDS_8297,0.2
UDS_8300,0.01
UDS_8302,0.01
UDS_8305,0.4
UDS_8313,0.9
UDS_8327,0.4
UDS_8329,0.0
UDS_8335,0.0
UDS_8336,0.01
UDS_8348,0.0
UDS_8349,0.3
UDS_8350,0.01
UDS_8355,0.2
UDS_8368,0.0
UDS_8375,0.01
UDS_8377,0.0
UDS_8378,0.1
UDS_8383,0.1
UDS_8395,0.7
UDS_8403,0.4
UDS_8407,0.0
UDS_8410,0.0
UDS_8412,0.4
UDS_8422,0.2
UDS_8426,0.01
UDS_8427,0.0
UDS_8449,0.01
UDS_8452,0.4
UDS_8454,0.99
UDS_8455,0.8
UDS_8457,0.2
UDS_8460,0.1
UDS_8471,0.01
UDS_8486,0.99
UDS_8491,0.0
UDS_8492,0.3
UDS_8500,0.8
UDS_8520,0.0
UDS_8532,0.5
UDS_8545,0.0
UDS_8550,0.0
UDS_8551,0.3
UDS_8552,0.01
UDS_8553,0.2
UDS_8558,0.2
UDS_8559,0.1
UDS_8562,0.3
UDS_8564,0.0
UDS_8569,0.0
UDS_8581,0.2
UDS_8587,0.1
UDS_8591,0.2
UDS_8593,0.0
UDS_8602,0.2
UDS_8609,0.4
UDS_8614,0.4
UDS_8618,0.1
UDS_8620,0.0
UDS_8621,0.0
UDS_8629,0.0
UDS_8630,0.4
UDS_8633,0.3
UDS_8637,0.1
UDS_8642,0.01
UDS_8648,0.0
UDS_8654,0.01
UDS_8659,0.3
UDS_8699,0.3
UDS_8700,0.0
UDS_8715,0.4
UDS_8719,0.1
UDS_8722,0.2
UDS_8730,0.0
UDS_8735,0.0
UDS_8742,0.2
UDS_8743,0.0
UDS_8756,0.6
UDS_8763,0.0
UDS_8766,0.01
UDS_8772,0.2
UDS_8773,0.3
UDS_8775,0.2
UDS_8781,0.4
UDS_8783,0.2
UDS_8784,0.0
UDS_8792,0.01
UDS_8806,0.5
UDS_8816,0.1
UDS_8818,0.1
UDS_8823,0.0
UDS_8829,0.0
UDS_8836,0.4
UDS_8837,0.7
UDS_8865,0.01
UDS_8869,0.01
UDS_8877,0.1
UDS_8881,0.0
UDS_8882,0.3
UDS_8884,0.01
UDS_8890,0.01
UDS_8897,0.2
UDS_8913,0.5
UDS_8921,0.0
UDS_8922,0.1
UDS_8926,0.1
UDS_9126,0.4
UDS_8934,0.1
UDS_8955,0.2
UDS_8956,0.0
UDS_8973,0.7
UDS_8974,0.5
UDS_8989,0.01
UDS_8992,0.3
UDS_8994,0.01
UDS_8997,0.0
UDS_9005,0.01
UDS_9008,0.9
UDS_9019,0.01
UDS_9020,0.0
UDS_9021,0.5
UDS_9022,0.1
UDS_9023,0.1
UDS_9026,0.0
UDS_9029,0.8
UDS_9030,0.1
UDS_9031,0.01
UDS_9033,0.3
UDS_9035,0.3
UDS_9040,0.0
UDS_9046,0.7
UDS_9055,0.0
UDS_9056,0.0
UDS_9057,0.4
UDS_9059,0.1
UDS_9060,0.2
UDS_9066,0.1
UDS_9067,0.4
UDS_9070,0.0
UDS_9080,0.6
UDS_9084,0.5
UDS_9089,0.2
UDS_9095,0.01
UDS_9100,0.7
UDS_9103,0.01
UDS_9121,0.01
UDS_9123,0.01
UDS_9132,0.1
UDS_9134,0.2
UDS_9136,0.0
UDS_9137,0.01
UDS_9145,0.01
UDS_9150,0.0
UDS_9153,0.4
UDS_9155,0.1
UDS_9157,0.0
UDS_9160,0.0
UDS_9161,0.1
UDS_9162,0.3
UDS_9178,0.0
UDS_9179,0.01
UDS_9181,0.0
UDS_9183,0.0
UDS_9184,0.0
UDS_9186,0.01
UDS_9188,0.5
UDS_9191,0.2
UDS_9193,0.8
UDS_9195,0.4
UDS_9215,0.01
UDS_9225,0.5
UDS_9234,0.3
UDS_9254,0.0
UDS_9258,0.3
UDS_9265,0.0
UDS_9281,0.2
UDS_9294,0.01
UDS_9296,0.1
UDS_9315,0.3
UDS_9317,0.0
UDS_9325,0.1
UDS_9329,0.0
UDS_9330,0.0
UDS_9331,0.3
UDS_9333,0.2
UDS_9335,0.1
UDS_9342,0.3
UDS_9345,0.0
UDS_9351,0.2
UDS_9357,0.1
UDS_9360,0.3
UDS_9369,0.0
UDS_9375,0.1
UDS_9390,0.01
UDS_9397,0.9
UDS_9398,0.3
UDS_9399,0.0
UDS_9400,0.8
UDS_9405,0.4
UDS_9411,0.0
UDS_9423,0.0
UDS_9425,0.01
UDS_9429,0.0
UDS_9433,0.1
UDS_9434,0.2
UDS_9440,0.8
UDS_9448,0.2
UDS_9450,0.2
UDS_9455,0.6
UDS_9456,0.0
UDS_9460,0.5
UDS_9461,0.1
UDS_9462,0.1
UDS_9465,0.5
UDS_9469,0.2
UDS_9477,0.01
UDS_9485,0.0
UDS_9491,0.0
UDS_9494,0.2
UDS_9503,0.1
UDS_9510,0.0
UDS_9525,0.0
UDS_9530,0.01
UDS_9531,0.1
UDS_9541,0.4
UDS_9550,0.2
UDS_9553,0.5
UDS_9554,0.1
UDS_9561,0.0
UDS_9581,0.01
UDS_9582,0.0
UDS_9587,0.2
UDS_9590,0.0
UDS_9592,0.3
UDS_9594,0.1
UDS_9605,0.01
UDS_9607,0.0
UDS_9610,0.1
UDS_9620,0.0
UDS_9622,0.2
UDS_9625,0.01
UDS_9626,0.0
UDS_9631,0.2
UDS_9633,0.0
UDS_9636,0.1
UDS_9642,0.8
UDS_9648,0.0
UDS_9652,0.0
UDS_9656,0.0
UDS_9693,0.6
UDS_9694,0.9
UDS_9701,0.0
UDS_9703,0.2
UDS_9707,0.0
UDS_9719,0.0
UDS_9727,0.1
UDS_9735,0.0
UDS_9745,0.0
UDS_9748,0.3
UDS_9756,0.1
UDS_9760,0.4
UDS_9765,0.01
UDS_9772,0.3
UDS_9782,0.4
UDS_9790,0.0
UDS_9792,0.01
UDS_9807,0.0
UDS_9815,0.3
UDS_9824,0.0
UDS_9827,0.0
UDS_9833,0.01
UDS_9837,0.5
UDS_9842,0.3
UDS_9846,0.4
UDS_9847,0.3
UDS_9848,0.2
UDS_9854,0.01
UDS_9863,0.0
UDS_9874,0.1
UDS_9883,0.0
UDS_9884,0.3
UDS_9885,0.0
UDS_9891,0.3
UDS_9895,0.2
UDS_9896,0.6
UDS_9898,0.4
UDS_9902,0.0
UDS_9903,0.4
UDS_9907,0.0
UDS_9908,0.1
UDS_9923,0.0
UDS_9929,0.01
UDS_9931,0.01
UDS_9942,0.01
UDS_9952,0.0
UDS_9954,0.9
UDS_9967,0.01
UDS_9976,0.0
UDS_9980,0.6
UDS_9981,0.0
UDS_9992,0.1
UDS_9995,0.0
UDS_9998,0.4
UDS_10001,0.7
UDS_10004,0.0
UDS_10005,0.0
UDS_10012,0.7
UDS_10013,0.9
UDS_10014,0.4
UDS_10016,0.0
UDS_10020,0.1
UDS_10034,0.01
UDS_10038,0.4
UDS_10039,0.7
UDS_10045,0.01
UDS_10052,0.3
UDS_10053,0.0
UDS_10054,0.2
UDS_10055,0.6
UDS_10077,0.2
UDS_10083,0.2
UDS_10092,0.1
UDS_10102,0.0
UDS_10103,0.0
UDS_10106,0.0
UDS_10122,0.0
UDS_10129,0.4
UDS_10130,0.0
UDS_10139,0.01
UDS_10159,0.0
UDS_10165,0.4
UDS_10173,0.0
UDS_10177,0.0
UDS_10180,0.0
UDS_10181,0.7
UDS_10187,0.0
UDS_10192,0.2
UDS_10193,0.0
UDS_10198,0.0
UDS_10199,0.0
UDS_10201,0.0
UDS_10207,0.0
UDS_10224,0.0
UDS_10234,0.01
UDS_10236,0.4
UDS_10243,0.0
UDS_10246,0.8
UDS_10248,0.8
UDS_10249,0.9
UDS_10250,0.01
UDS_10256,0.0
UDS_10265,0.01
UDS_10271,0.0
UDS_10274,0.01
UDS_10278,0.0
UDS_10279,0.1
UDS_10287,0.0
UDS_10289,0.0
UDS_10290,0.0
UDS_10295,0.0
UDS_10302,0.1
UDS_10306,0.0
UDS_10323,0.1
UDS_10334,0.1
UDS_10338,0.4
UDS_10339,0.2
UDS_10368,0.0
UDS_10373,0.0
UDS_10374,0.3
UDS_10376,0.1
UDS_10383,0.2
UDS_10385,0.0
UDS_10395,0.3
UDS_10398,0.0
UDS_10405,0.0
UDS_10406,0.3
UDS_10410,0.4
UDS_10411,0.0
UDS_10415,0.0
UDS_10418,0.4
UDS_10423,0.7
UDS_10426,0.2
UDS_10439,0.9
UDS_10440,0.01
UDS_10441,0.1
UDS_10449,0.5
UDS_10451,0.3
UDS_10456,0.1
UDS_10460,0.2
UDS_10464,0.0
UDS_10468,0.0
UDS_10469,0.0
UDS_10477,0.1
UDS_10480,0.0
UDS_10484,0.01
UDS_10486,0.0
UDS_10494,0.3
UDS_10497,0.1
UDS_10499,0.0
UDS_10500,0.1
UDS_10501,0.0
UDS_10503,0.2
UDS_10510,0.0
UDS_10512,0.2
UDS_10513,0.1
UDS_10518,0.1
UDS_10521,0.2
UDS_10523,0.0
UDS_10538,0.3
UDS_10541,0.01
UDS_10542,0.7
UDS_10545,0.1
UDS_10547,0.1
UDS_10548,0.0
UDS_10549,0.0
UDS_10550,0.6
UDS_10552,0.1
UDS_10553,0.0
UDS_10559,0.9
UDS_10561,0.1
UDS_10566,0.2
UDS_10568,0.3
UDS_10577,0.2
UDS_10579,0.7
UDS_10584,0.0
UDS_10591,0.5
UDS_10592,0.0
UDS_10594,0.0
UDS_10596,0.0
UDS_10607,0.01
UDS_10610,0.01
UDS_10612,0.0
UDS_10616,0.0
UDS_10617,0.0
UDS_10618,0.0
UDS_10624,0.0
UDS_10646,0.01
UDS_10653,0.2
UDS_10660,0.01
UDS_10663,0.6
UDS_10664,0.0
UDS_10671,0.0
UDS_10673,0.3
UDS_10682,0.0
UDS_10684,0.4
UDS_10692,0.3
UDS_10697,0.0
UDS_10704,0.0
UDS_10705,0.0
UDS_10709,0.2
UDS_10720,0.8
UDS_10721,0.01
UDS_10759,0.0
UDS_10762,0.0
UDS_10777,0.6
UDS_10797,0.4
UDS_10798,0.1
UDS_10800,0.01
UDS_10801,0.5
UDS_10808,0.0
UDS_10810,0.0
UDS_10811,0.01
UDS_10813,0.0
UDS_10817,0.0
UDS_10820,0.1
UDS_10823,0.3
UDS_10825,0.01
UDS_10830,0.1
UDS_10833,0.99
UDS_10846,0.7
UDS_10850,0.0
UDS_10852,0.0
UDS_10853,0.1
UDS_10856,0.01
UDS_10857,0.7
UDS_10861,0.0
UDS_10863,0.8
UDS_10864,0.01
UDS_10871,0.2
UDS_10872,0.9
UDS_10875,0.01
UDS_10877,0.0
UDS_10881,0.0
UDS_10902,0.4
UDS_10904,0.01
UDS_10906,0.1
UDS_10908,0.0
UDS_10917,0.0
UDS_10935,0.1
UDS_10937,0.0
UDS_10945,0.4
UDS_10947,0.0
UDS_10961,0.0
UDS_10970,0.0
UDS_10972,0.0
UDS_10975,0.6
UDS_10983,0.01
UDS_10984,0.3
UDS_10986,0.8
UDS_10996,0.0
UDS_10998,0.0
UDS_11002,0.0
UDS_11016,0.1
UDS_11021,0.0
UDS_11025,0.0
UDS_11045,0.01
UDS_11051,0.01
UDS_11072,0.1
UDS_11074,0.01
UDS_11081,0.4
UDS_11088,0.6
UDS_11091,0.0
UDS_11099,0.0
UDS_11101,0.0
UDS_11102,0.0
UDS_11104,0.0
UDS_11105,0.3
UDS_11115,0.0
UDS_11124,0.0
UDS_11132,0.0
UDS_11135,0.0
UDS_11140,0.0
UDS_11148,0.4
UDS_11158,0.0
UDS_11160,0.3
UDS_11170,0.0
UDS_11171,0.2
UDS_11181,0.1
UDS_11182,0.0
UDS_11188,0.2
UDS_11196,0.2
UDS_11200,0.2
UDS_11206,0.0
UDS_11211,0.01
UDS_11212,0.1
UDS_11213,0.9
UDS_11235,0.0
UDS_11248,0.2
UDS_11251,0.4
UDS_11265,0.0
UDS_11270,0.2
UDS_11272,0.4
UDS_11275,0.0
UDS_11281,0.8
UDS_11307,0.6
UDS_11312,0.9
UDS_11313,0.0
UDS_11314,0.1
UDS_11315,0.2
UDS_11316,0.4
UDS_11318,0.3
UDS_11319,0.0
UDS_11328,0.6
UDS_11330,0.01
UDS_11333,0.0
UDS_11334,0.1
UDS_11336,0.3
UDS_11342,0.0
UDS_11344,0.01
UDS_11347,0.0
UDS_11349,0.3
UDS_11357,0.0
UDS_11359,0.2
UDS_11360,0.4
UDS_11361,0.0
UDS_11363,0.5
UDS_11371,0.8
UDS_11382,0.0
UDS_11385,0.01
UDS_11386,0.1
UDS_11392,0.8
UDS_11394,0.6
UDS_11398,0.01
UDS_11402,0.4
UDS_11403,0.5
UDS_11414,0.01
UDS_11424,0.8
UDS_11427,0.0
UDS_11436,0.1
UDS_11447,0.0
UDS_11448,0.4
UDS_11470,0.1
UDS_11471,0.6
UDS_11484,0.8
UDS_11485,0.2
UDS_11488,0.0
UDS_11520,0.1
UDS_11539,0.1
UDS_11541,0.0
UDS_11542,0.0
UDS_11544,0.1
UDS_11558,0.4
UDS_11565,0.3
UDS_11568,0.0
UDS_11572,0.0
UDS_11573,0.6
UDS_11584,0.1
UDS_11591,0.0
UDS_11601,0.0
UDS_11602,0.01
UDS_11604,0.0
UDS_11610,0.4
UDS_11622,0.01
UDS_11624,0.01
UDS_11635,0.0
UDS_11639,0.0
UDS_11658,0.0
UDS_11665,0.1
UDS_11667,0.0
UDS_11669,0.0
UDS_11671,0.9
UDS_11672,0.0
UDS_11673,0.0
UDS_11678,0.5
UDS_11680,0.0
UDS_11691,0.01
UDS_11715,0.0
UDS_11726,0.0
UDS_11745,0.01
UDS_11761,0.3
UDS_11764,0.0
UDS_11784,0.0
UDS_11787,0.3
UDS_11789,0.4
UDS_11806,0.0
UDS_11836,0.01
UDS_11844,0.4
UDS_11861,0.4
UDS_11870,0.6
UDS_11881,0.8
UDS_11883,0.0
UDS_11890,0.0
UDS_11901,0.0
UDS_11902,0.0
UDS_11908,0.0
UDS_11911,0.01
UDS_11912,0.6
UDS_11921,0.0
UDS_11925,0.01
UDS_11932,0.2
UDS_11934,0.0
UDS_11939,0.01
UDS_11944,0.1
UDS_11945,0.3
UDS_11948,0.01
UDS_11958,0.0
UDS_11961,0.2
UDS_11965,0.0
UDS_11974,0.3
UDS_11976,0.0
UDS_11984,0.1
UDS_11997,0.0
UDS_12008,0.1
UDS_12017,0.01
UDS_12018,0.0
UDS_12019,0.0
UDS_12040,0.7
UDS_12088,0.3
UDS_12100,0.3
UDS_12330,0.1
UDS_12385,0.0
UDS_12561,0.1
UDS_12591,0.0
UDS_12621,0.01
UDS_12622,0.2
UDS_12653,0.0
UDS_12675,0.0
UDS_12693,0.2
UDS_12696,0.0
UDS_12707,0.0
UDS_12726,0.0
UDS_12732,0.2
UDS_12737,0.2
UDS_12738,0.9
UDS_12750,0.6
UDS_12752,0.2
UDS_12756,0.01
UDS_12767,0.7
UDS_12769,0.0
UDS_12773,0.5
UDS_12775,0.01
UDS_12778,0.01
UDS_12779,0.01
UDS_12788,0.8
UDS_12793,0.6
UDS_12794,0.1
UDS_12807,0.0
UDS_12819,0.01
UDS_12825,0.0
UDS_12826,0.0
UDS_12827,0.5
UDS_12835,0.4
UDS_12842,0.01
UDS_12846,0.9
UDS_12848,0.4
UDS_12850,0.3
UDS_12857,0.5
UDS_12863,0.0
UDS_12867,0.0
UDS_12873,0.3
UDS_12879,0.1
UDS_12880,0.0
UDS_12887,0.0
UDS_12889,0.0
UDS_12891,0.1
UDS_12899,0.3
UDS_12902,0.0
UDS_12903,0.4
UDS_12904,0.01
UDS_12908,0.1
UDS_12910,0.8
UDS_12911,0.3
UDS_12912,0.2
UDS_12922,0.3
UDS_12923,0.0
UDS_12926,0.0
UDS_12929,0.0
UDS_12931,0.0
UDS_12935,0.1
UDS_12944,0.01
UDS_12947,0.7
UDS_12949,0.2
UDS_12951,0.6
UDS_12959,0.1
UDS_12961,0.3
UDS_12964,0.0
UDS_12968,0.01
UDS_12972,0.0
UDS_12985,0.0
UDS_12988,0.9
UDS_12994,0.0
UDS_13005,0.0
UDS_13006,0.4
UDS_13020,0.1
UDS_13028,0.5
UDS_13032,0.1
UDS_13041,0.3
UDS_13043,0.1
UDS_13049,0.2
UDS_13053,0.4
UDS_13059,0.5
UDS_13063,0.0
UDS_13065,0.0
UDS_13068,0.4
UDS_13072,0.0
UDS_13077,0.0
UDS_13086,0.7
UDS_13091,0.0
UDS_13093,0.1
UDS_13113,0.9
UDS_13115,0.5
UDS_13117,0.6
UDS_13130,0.01
UDS_13136,0.0
UDS_13151,0.5
UDS_13154,0.7
UDS_13158,0.0
UDS_13161,0.9
UDS_13166,0.5
UDS_13168,0.0
UDS_13174,0.0
UDS_19018,0.2
UDS_13198,0.5
UDS_13201,0.0
UDS_13207,0.0
UDS_13209,0.01
UDS_13747,0.0
UDS_13214,0.6
UDS_13217,0.0
UDS_13223,0.0
UDS_13227,0.5
UDS_13228,0.5
UDS_13231,0.0
UDS_13234,0.01
UDS_13235,0.6
UDS_19257,0.0
UDS_13249,0.9
UDS_13260,0.2
UDS_13264,0.0
UDS_13269,0.2
UDS_13271,0.01
UDS_13277,0.0
UDS_13278,0.2
UDS_13279,0.0
UDS_13281,0.1
UDS_13289,0.0
UDS_13292,0.1
UDS_13293,0.01
UDS_13294,0.0
UDS_13297,0.2
UDS_13301,0.0
UDS_13303,0.7
UDS_13324,0.0
UDS_13330,0.0
UDS_13332,0.0
UDS_13337,0.0
UDS_13344,0.2
UDS_13345,0.0
UDS_13349,0.1
UDS_13353,0.7
UDS_13354,0.0
UDS_13358,0.0
UDS_13372,0.0
UDS_13374,0.3
UDS_13378,0.0
UDS_13382,0.3
UDS_13395,0.4
UDS_13396,0.5
UDS_13398,0.2
UDS_13402,0.0
UDS_13403,0.0
UDS_13405,0.5
UDS_13407,0.0
UDS_13408,0.1
UDS_13414,0.0
UDS_13424,0.6
UDS_13425,0.0
UDS_13426,0.3
UDS_13427,0.5
UDS_13429,0.4
UDS_13431,0.0
UDS_13446,0.2
UDS_13451,0.1
UDS_13455,0.3
UDS_13457,0.01
UDS_13467,0.1
UDS_13468,0.5
UDS_13469,0.5
UDS_13471,0.5
UDS_13476,0.1
UDS_13482,0.0
UDS_13485,0.01
UDS_13495,0.8
UDS_13504,0.1
UDS_13507,0.2
UDS_13510,0.3
UDS_13513,0.2
UDS_13517,0.4
UDS_13518,0.4
UDS_13521,0.1
UDS_13525,0.0
UDS_13529,0.1
UDS_13533,0.4
UDS_13537,0.0
UDS_13542,0.1
UDS_13549,0.3
UDS_13557,0.4
UDS_13567,0.1
UDS_13570,0.1
UDS_13571,0.1
UDS_13580,0.2
UDS_13581,0.0
UDS_14926,0.2
UDS_13582,0.2
UDS_13583,0.8
UDS_13585,0.01
UDS_13588,0.0
UDS_13590,0.01
UDS_13596,0.0
UDS_13601,0.5
UDS_13603,0.0
UDS_13610,0.6
UDS_13620,0.0
UDS_13629,0.01
UDS_13632,0.2
UDS_13635,0.0
UDS_13639,0.6
UDS_13643,0.0
UDS_13647,0.6
UDS_13648,0.0
UDS_13651,0.4
UDS_13654,0.1
UDS_13659,0.3
UDS_13674,0.2
UDS_13677,0.01
UDS_13681,0.0
UDS_13706,0.0
UDS_13721,0.2
UDS_13727,0.0
UDS_13734,0.0
UDS_13735,0.0
UDS_13738,0.1
UDS_13743,0.0
UDS_13746,0.2
UDS_13753,0.1
UDS_13756,0.9
UDS_13764,0.1
UDS_13768,0.7
UDS_13769,0.4
UDS_13779,0.5
UDS_13780,0.2
UDS_13781,0.0
UDS_13784,0.1
UDS_13789,0.01
UDS_13799,0.1
UDS_13801,0.6
UDS_13805,0.2
UDS_13810,0.0
UDS_13815,0.1
UDS_13820,0.1
UDS_13821,0.4
UDS_13822,0.0
UDS_13823,0.6
UDS_13827,0.0
UDS_13829,0.1
UDS_13833,0.3
UDS_13835,0.4
UDS_13838,0.0
UDS_13842,0.3
UDS_13845,0.3
UDS_13848,0.2
UDS_13851,0.01
UDS_13856,0.2
UDS_13859,0.0
UDS_13870,0.3
UDS_13873,0.5
UDS_13883,0.0
UDS_13887,0.0
UDS_13896,0.2
UDS_13899,0.7
UDS_13902,0.01
UDS_13911,0.5
UDS_13915,0.3
UDS_13926,0.1
UDS_13931,0.0
UDS_13946,0.7
UDS_13950,0.1
UDS_13955,0.7
UDS_13957,0.1
UDS_13963,0.4
UDS_13974,0.3
UDS_13979,0.0
UDS_13983,0.0
UDS_13989,0.2
UDS_13993,0.2
UDS_13996,0.1
UDS_14007,0.1
UDS_14009,0.0
UDS_14017,0.1
UDS_14021,0.1
UDS_14027,0.6
UDS_14035,0.7
UDS_14036,0.2
UDS_14046,0.1
UDS_14052,0.0
UDS_14056,0.0
UDS_14063,0.0
UDS_14065,0.0
UDS_14073,0.0
UDS_14074,0.1
UDS_14078,0.2
UDS_14080,0.0
UDS_14088,0.6
UDS_14089,0.8
UDS_14090,0.0
UDS_14091,0.0
UDS_14094,0.0
UDS_14096,0.0
UDS_14099,0.0
UDS_14103,0.0
UDS_14107,0.0
UDS_14121,0.2
UDS_14125,0.01
UDS_14135,0.01
UDS_14137,0.01
UDS_14153,0.0
UDS_14163,0.3
UDS_14164,0.0
UDS_14172,0.01
UDS_14174,0.2
UDS_14179,0.5
UDS_14183,0.6
UDS_14184,0.9
UDS_14186,0.0
UDS_14187,0.01
UDS_14190,0.5
UDS_14203,0.0
UDS_14208,0.3
UDS_14211,0.9
UDS_14213,0.01
UDS_14216,0.0
UDS_14217,0.2
UDS_19107,0.1
UDS_14218,0.1
UDS_14220,0.0
UDS_14221,0.6
UDS_19259,0.4
UDS_14230,0.3
UDS_14231,0.1
UDS_14240,0.2
UDS_14241,0.6
UDS_14247,0.1
UDS_14249,0.7
UDS_14255,0.1
UDS_14256,0.0
UDS_14260,0.0
UDS_14268,0.01
UDS_14285,0.6
UDS_14304,0.3
UDS_14305,0.01
UDS_14316,0.2
UDS_14317,0.01
UDS_14319,0.9
UDS_14329,0.0
UDS_14331,0.1
UDS_14333,0.1
UDS_14337,0.3
UDS_19128,0.1
UDS_14343,0.6
UDS_19139,0.01
UDS_14356,0.0
UDS_14358,0.0
UDS_14363,0.6
UDS_14364,0.5
UDS_14380,0.01
UDS_14386,0.01
UDS_14390,0.5
UDS_14396,0.0
UDS_14401,0.1
UDS_14405,0.3
UDS_14421,0.0
UDS_14428,0.9
UDS_14437,0.0
UDS_14440,0.0
UDS_14443,0.2
UDS_14445,0.3
UDS_14454,0.0
UDS_14455,0.5
UDS_14457,0.2
UDS_14459,0.6
UDS_14471,0.6
UDS_14472,0.2
UDS_14486,0.5
UDS_14491,0.0
UDS_14497,0.0
UDS_14510,0.0
UDS_14511,0.1
UDS_14512,0.0
UDS_14513,0.1
UDS_14515,0.0
UDS_14519,0.0
UDS_14520,0.0
UDS_14529,0.0
UDS_14531,0.0
UDS_14533,0.8
UDS_14539,0.3
UDS_14546,0.2
UDS_14562,0.0
UDS_14565,0.2
UDS_14586,0.0
UDS_14594,0.5
UDS_14596,0.01
UDS_14607,0.0
UDS_14611,0.6
UDS_14615,0.1
UDS_14630,0.4
UDS_14633,0.1
UDS_14636,0.5
UDS_14640,0.0
UDS_14649,0.0
UDS_14662,0.4
UDS_14681,0.0
UDS_14683,0.8
UDS_14687,0.2
UDS_14701,0.4
UDS_14712,0.4
UDS_14717,0.1
UDS_14718,0.4
UDS_14725,0.01
UDS_14728,0.1
UDS_14734,0.0
UDS_14737,0.0
UDS_14739,0.1
UDS_14741,0.01
UDS_14744,0.5
UDS_14748,0.1
UDS_14751,0.0
UDS_14753,0.0
UDS_14756,0.3
UDS_14764,0.0
UDS_14769,0.0
UDS_14771,0.0
UDS_14780,0.1
UDS_14781,0.2
UDS_14785,0.99
UDS_14805,0.0
UDS_14820,0.0
UDS_14828,0.3
UDS_14834,0.7
UDS_14843,0.0
UDS_14845,0.1
UDS_14850,0.1
UDS_14851,0.0
UDS_14858,0.1
UDS_14869,0.0
UDS_14881,0.8
UDS_14884,0.1
UDS_14888,0.0
UDS_14890,0.3
UDS_14891,0.8
UDS_14901,0.3
UDS_14908,0.0
UDS_14918,0.0
UDS_14923,0.01
UDS_14935,0.0
UDS_14944,0.1
UDS_14945,0.0
UDS_14947,0.3
UDS_14948,0.1
UDS_14952,0.01
UDS_14959,0.3
UDS_14966,0.0
UDS_14967,0.3
UDS_14968,0.0
UDS_14970,0.0
UDS_14986,0.3
UDS_14996,0.0
UDS_14999,0.2
UDS_15001,0.4
UDS_15011,0.1
UDS_15012,0.3
UDS_15016,0.0
UDS_15018,0.1
UDS_15067,0.2
UDS_15038,0.1
UDS_15039,0.0
UDS_15041,0.3
UDS_15051,0.6
UDS_15058,0.1
UDS_15063,0.3
UDS_15075,0.6
UDS_15080,0.3
UDS_15091,0.6
UDS_15093,0.2
UDS_15094,0.0
UDS_15101,0.0
UDS_15108,0.4
UDS_15114,0.6
UDS_15121,0.0
UDS_15135,0.1
UDS_15136,0.2
UDS_15160,0.01
UDS_15161,0.7
UDS_15163,0.3
UDS_15164,0.01
UDS_15166,0.3
UDS_15169,0.01
UDS_15170,0.3
UDS_15171,0.6
UDS_15175,0.0
UDS_15177,0.01
UDS_15179,0.1
UDS_15181,0.3
UDS_15188,0.1
UDS_15190,0.5
UDS_15195,0.0
UDS_15198,0.0
UDS_15202,0.0
UDS_15203,0.0
UDS_15222,0.01
UDS_15224,0.8
UDS_15242,0.1
UDS_15245,0.1
UDS_15248,0.01
UDS_15249,0.0
UDS_15254,0.01
UDS_15256,0.01
UDS_15267,0.3
UDS_15268,0.0
UDS_15270,0.0
UDS_15273,0.1
UDS_15284,0.2
UDS_15310,0.0
UDS_15313,0.0
UDS_15316,0.4
UDS_15326,0.7
UDS_15328,0.0
UDS_15329,0.0
UDS_15330,0.2
UDS_15334,0.6
UDS_15335,0.9
UDS_15338,0.0
UDS_15344,0.2
UDS_15348,0.0
UDS_15359,0.0
UDS_15367,0.1
UDS_15381,0.0
UDS_15383,0.2
UDS_15384,0.2
UDS_15385,0.6
UDS_15386,0.3
UDS_15387,0.01
UDS_15403,0.7
UDS_15408,0.01
UDS_15413,0.1
UDS_15418,0.0
UDS_15420,0.01
UDS_15431,0.01
UDS_15439,0.5
UDS_15443,0.0
UDS_15444,0.3
UDS_15446,0.5
UDS_15448,0.9
UDS_15453,0.01
UDS_15454,0.0
UDS_15460,0.0
UDS_15462,0.3
UDS_15470,0.0
UDS_15474,0.3
UDS_15477,0.0
UDS_15483,0.0
UDS_15487,0.2
UDS_15498,0.1
UDS_15501,0.1
UDS_15502,0.1
UDS_15506,0.5
UDS_15507,0.4
UDS_15512,0.0
UDS_15533,0.2
UDS_15540,0.1
UDS_15551,0.0
UDS_15563,0.0
UDS_15565,0.1
UDS_15573,0.0
UDS_15574,0.2
UDS_15580,0.6
UDS_15581,0.4
UDS_15589,0.8
UDS_15609,0.1
UDS_15620,0.0
UDS_15623,0.5
UDS_15639,0.0
UDS_15648,0.01
UDS_15652,0.0
UDS_15656,0.2
UDS_15666,0.4
UDS_15669,0.0
UDS_15674,0.7
UDS_15683,0.0
UDS_15684,0.2
UDS_15689,0.9
UDS_15694,0.6
UDS_15699,0.0
UDS_15714,0.2
UDS_15715,0.3
UDS_15727,0.8
UDS_15729,0.0
UDS_15733,0.0
UDS_15739,0.1
UDS_15752,0.0
UDS_15754,0.0
UDS_15756,0.2
UDS_15772,0.0
UDS_15777,0.9
UDS_19207,0.0
UDS_15793,0.5
UDS_15798,0.2
UDS_15800,0.1
UDS_15804,0.2
UDS_15805,0.5
UDS_15806,0.3
UDS_15813,0.1
UDS_15817,0.0
UDS_15826,0.6
UDS_15829,0.01
UDS_15837,0.6
UDS_15848,0.4
UDS_15849,0.0
UDS_15858,0.01
UDS_15868,0.0
UDS_15875,0.4
UDS_15876,0.0
UDS_15882,0.0
UDS_15886,0.01
UDS_15888,0.0
UDS_15894,0.0
UDS_15896,0.01
UDS_15904,0.01
UDS_15908,0.4
UDS_15915,0.01
UDS_15925,0.1
UDS_15935,0.0
UDS_15937,0.0
UDS_15940,0.01
UDS_15953,0.3
UDS_15963,0.0
UDS_15965,0.0
UDS_15976,0.0
UDS_15979,0.1
UDS_15988,0.7
UDS_15989,0.0
UDS_15991,0.2
UDS_15996,0.9
UDS_16004,0.01
UDS_16010,0.0
UDS_16013,0.0
UDS_16015,0.0
UDS_16017,0.0
UDS_16021,0.6
UDS_16023,0.3
UDS_16024,0.4
UDS_16025,0.0
UDS_16030,0.8
UDS_16031,0.0
UDS_16032,0.9
UDS_16036,0.5
UDS_19211,0.3
UDS_16041,0.1
UDS_16042,0.7
UDS_16043,0.2
UDS_16048,0.5
UDS_16063,0.1
UDS_16072,0.1
UDS_16082,0.4
UDS_16084,0.0
UDS_16090,0.2
UDS_16094,0.2
UDS_16097,0.0
UDS_16100,0.0
UDS_16106,0.99
UDS_16114,0.1
UDS_16115,0.3
UDS_16122,0.0
UDS_16123,0.1
UDS_16124,0.0
UDS_16126,0.0
UDS_16133,0.0
UDS_16136,0.4
UDS_16142,0.0
UDS_16146,0.1
UDS_16158,0.1
UDS_16160,0.0
UDS_16165,0.0
UDS_16167,0.4
UDS_16169,0.1
UDS_16174,0.01
UDS_16176,0.0
UDS_16177,0.0
UDS_16180,0.0
UDS_16193,0.2
UDS_16200,0.0
UDS_19212,0.5
UDS_16217,0.0
UDS_16223,0.0
UDS_16224,0.1
UDS_16228,0.3
UDS_16232,0.8
UDS_16236,0.0
UDS_16238,0.01
UDS_16248,0.0
UDS_16249,0.3
UDS_16251,0.0
UDS_16253,0.0
UDS_16259,0.9
UDS_16279,0.1
UDS_16291,0.3
UDS_16304,0.3
UDS_16307,0.0
UDS_16314,0.0
UDS_16318,0.2
UDS_16320,0.6
UDS_16335,0.0
UDS_16353,0.6
UDS_16359,0.0
UDS_16365,0.2
UDS_16369,0.4
UDS_16370,0.0
UDS_16377,0.2
UDS_16384,0.01
UDS_16388,0.0
UDS_16401,0.0
UDS_16407,0.01
UDS_16413,0.0
UDS_16421,0.0
UDS_16427,0.0
UDS_16436,0.01
UDS_16438,0.0
UDS_16443,0.1
UDS_16444,0.01
UDS_16463,0.6
UDS_16467,0.1
UDS_16470,0.4
UDS_16483,0.0
UDS_16489,0.9
UDS_16495,0.0
UDS_16504,0.0
UDS_16512,0.0
UDS_16521,0.6
UDS_16526,0.01
UDS_16529,0.8
UDS_16538,0.1
UDS_16542,0.7
UDS_16554,0.2
UDS_16561,0.0
UDS_16571,0.2
UDS_16576,0.0
UDS_16577,0.2
UDS_16579,0.0
UDS_16594,0.1
UDS_16596,0.0
UDS_16601,0.0
UDS_16607,0.9
UDS_16618,0.1
UDS_16619,0.0
UDS_16623,0.01
UDS_16625,0.4
UDS_16631,0.8
UDS_16636,0.1
UDS_16638,0.0
UDS_16642,0.1
UDS_16643,0.0
UDS_16646,0.2
UDS_16655,0.5
UDS_16656,0.1
UDS_16658,0.3
UDS_16662,0.2
UDS_16675,0.2
UDS_16676,0.8
UDS_16680,0.1
UDS_16682,0.0
UDS_16684,0.0
UDS_16699,0.0
UDS_16701,0.99
UDS_16703,0.3
UDS_16709,0.4
UDS_16720,0.01
UDS_16723,0.01
UDS_16726,0.0
UDS_16728,0.1
UDS_16734,0.1
UDS_16736,0.99
UDS_16738,0.0
UDS_16739,0.0
UDS_16744,0.0
UDS_16746,0.01
UDS_16751,0.0
UDS_16767,0.4
UDS_16769,0.5
UDS_16777,0.01
UDS_16778,0.4
UDS_16791,0.2
UDS_16792,0.0
UDS_16794,0.1
UDS_16797,0.6
UDS_16804,0.0
UDS_16809,0.1
UDS_16814,0.0
UDS_16817,0.0
UDS_16818,0.0
UDS_16822,0.01
UDS_16824,0.4
UDS_16825,0.0
UDS_16829,0.1
UDS_16831,0.0
UDS_16833,0.0
UDS_16834,0.2
UDS_16852,0.4
UDS_16855,0.0
UDS_16861,0.01
UDS_16874,0.4
UDS_16875,0.2
UDS_16879,0.1
UDS_16883,0.2
UDS_16886,0.3
UDS_16888,0.3
UDS_16894,0.9
UDS_16896,0.1
UDS_16899,0.2
UDS_16903,0.0
UDS_16904,0.0
UDS_16906,0.2
UDS_16908,0.0
UDS_16910,0.2
UDS_16917,0.01
UDS_16920,0.3
UDS_16933,0.0
UDS_19217,0.0
UDS_16947,0.0
UDS_16955,0.01
UDS_16968,0.3
UDS_16973,0.3
UDS_16981,0.0
UDS_16982,0.1
UDS_16990,0.4
UDS_17008,0.0
UDS_17013,0.3
UDS_17015,0.5
UDS_17020,0.01
UDS_17024,0.01
UDS_17025,0.0
UDS_17028,0.0
UDS_17035,0.0
UDS_17037,0.3
UDS_17049,0.7
UDS_17056,0.5
UDS_17059,0.0
UDS_17067,0.0
UDS_17074,0.2
UDS_17077,0.3
UDS_17078,0.01
UDS_17080,0.01
UDS_17084,0.1
UDS_17085,0.0
UDS_17092,0.0
UDS_17099,0.0
UDS_17100,0.6
UDS_17103,0.7
UDS_17105,0.2
UDS_17121,0.0
UDS_17125,0.5
UDS_17147,0.2
UDS_17149,0.2
UDS_17159,0.01
UDS_17163,0.0
UDS_17173,0.0
UDS_17177,0.01
UDS_17178,0.2
UDS_17180,0.6
UDS_17186,0.1
UDS_17190,0.0
UDS_17198,0.9
UDS_17203,0.4
UDS_17228,0.3
UDS_17233,0.0
UDS_17238,0.0
UDS_17239,0.7
UDS_17244,0.0
UDS_17246,0.0
UDS_17254,0.4
UDS_17259,0.3
UDS_17260,0.0
UDS_17261,0.0
UDS_17270,0.0
UDS_17276,0.0
UDS_17280,0.4
UDS_17292,0.0
UDS_17298,0.5
UDS_17300,0.01
UDS_17301,0.6
UDS_17302,0.6
UDS_17303,0.3
UDS_17304,0.7
UDS_17307,0.3
UDS_17309,0.4
UDS_17313,0.6
UDS_17323,0.01
UDS_17329,0.6
UDS_17332,0.0
UDS_17333,0.0
UDS_17341,0.2
UDS_17346,0.01
UDS_17349,0.4
UDS_17350,0.2
UDS_17358,0.3
UDS_17364,0.1
UDS_17365,0.0
UDS_17367,0.2
UDS_17371,0.0
UDS_17372,0.01
UDS_17385,0.8
UDS_17386,0.0
UDS_17398,0.1
UDS_17401,0.0
UDS_17404,0.1
UDS_17415,0.2
UDS_17419,0.0
UDS_17421,0.5
UDS_17426,0.1
UDS_17430,0.8
UDS_17432,0.7
UDS_17434,0.0
UDS_17440,0.1
UDS_17449,0.0
UDS_17455,0.1
UDS_17456,0.0
UDS_17457,0.01
UDS_17461,0.0
UDS_17464,0.0
UDS_17466,0.0
UDS_17494,0.0
UDS_17498,0.4
UDS_17501,0.3
UDS_17502,0.0
UDS_17511,0.01
UDS_17516,0.0
UDS_17517,0.8
UDS_17520,0.0
UDS_17539,0.0
UDS_17541,0.7
UDS_17551,0.8
UDS_17554,0.01
UDS_17557,0.0
UDS_17562,0.0
UDS_17570,0.0
UDS_17573,0.9
UDS_17574,0.0
UDS_19223,0.0
UDS_17588,0.01
UDS_17594,0.0
UDS_17598,0.01
UDS_17612,0.3
UDS_17613,0.8
UDS_17614,0.0
UDS_17620,0.0
UDS_17624,0.1
UDS_17627,0.5
UDS_17629,0.0
UDS_17632,0.0
UDS_17636,0.01
UDS_17637,0.6
UDS_17644,0.01
UDS_17652,0.1
UDS_17660,0.0
UDS_17671,0.01
UDS_17673,0.3
UDS_17679,0.7
UDS_17680,0.7
UDS_17686,0.2
UDS_19235,0.1
UDS_17687,0.0
UDS_17688,0.3
UDS_17702,0.0
UDS_17712,0.1
UDS_17716,0.9
UDS_17733,0.4
UDS_17734,0.1
UDS_17738,0.1
UDS_17755,0.7
UDS_17760,0.7
UDS_17762,0.3
UDS_17763,0.0
UDS_17767,0.01
UDS_17779,0.01
UDS_17781,0.3
UDS_17790,0.0
UDS_17796,0.01
UDS_17806,0.0
UDS_17826,0.0
UDS_17831,0.3
UDS_17833,0.1
UDS_17840,0.1
UDS_17882,0.6
UDS_17844,0.1
UDS_17848,0.0
UDS_17851,0.5
UDS_17854,0.0
UDS_17856,0.0
UDS_17857,0.1
UDS_17861,0.9
UDS_17863,0.1
UDS_17864,0.4
UDS_17878,0.4
UDS_17879,0.0
UDS_17898,0.1
UDS_17913,0.99
UDS_17922,0.0
UDS_17925,0.6
UDS_17927,0.1
UDS_17930,0.0
UDS_17932,0.1
UDS_17938,0.0
UDS_17953,0.6
UDS_17954,0.7
UDS_17962,0.2
UDS_17967,0.6
UDS_17972,0.3
UDS_19239,0.1
UDS_17986,0.0
UDS_17994,0.1
UDS_17998,0.0
UDS_18006,0.2
UDS_18009,0.3
UDS_18016,0.1
UDS_18022,0.0
UDS_18032,0.5
UDS_18033,0.5
UDS_18039,0.0
UDS_18050,0.0
UDS_18054,0.1
UDS_18058,0.01
UDS_18061,0.0
UDS_18063,0.3
UDS_18069,0.01
UDS_18076,0.0
UDS_18084,0.01
UDS_18091,0.2
UDS_18095,0.1
UDS_18099,0.1
UDS_18100,0.7
UDS_18101,0.3
UDS_18110,0.01
UDS_18111,0.01
UDS_18112,0.2
UDS_18125,0.1
UDS_18147,0.3
UDS_18148,0.5
UDS_18149,0.2
UDS_18168,0.01
UDS_18182,0.3
UDS_18199,0.3
UDS_18202,0.01
UDS_18204,0.2
UDS_18210,0.0
UDS_18213,0.1
UDS_18215,0.5
UDS_18217,0.8
UDS_18224,0.5
UDS_18228,0.7
UDS_18233,0.0
UDS_18234,0.1
UDS_18240,0.1
UDS_18245,0.01
UDS_18265,0.01
UDS_18266,0.8
UDS_18269,0.1
UDS_18278,0.3
UDS_18284,0.2
UDS_18288,0.01
UDS_18289,0.0
UDS_18294,0.0
UDS_18297,0.3
UDS_18305,0.1
UDS_18310,0.01
UDS_18314,0.1
UDS_18316,0.01
UDS_18320,0.3
UDS_18329,0.0
UDS_18337,0.0
UDS_18342,0.1
UDS_18343,0.0
UDS_18347,0.6
UDS_18352,0.1
UDS_18357,0.1
UDS_18370,0.6
UDS_18373,0.5
UDS_18374,0.7
UDS_18378,0.0
UDS_18382,0.0
UDS_18383,0.01
UDS_18400,0.0
UDS_18423,0.0
UDS_18426,0.1
UDS_18435,0.2
UDS_18439,0.0
UDS_18444,0.2
UDS_18446,0.3
UDS_18447,0.0
UDS_18451,0.2
UDS_18452,0.1
UDS_18466,0.0
UDS_18468,0.3
UDS_18469,0.0
UDS_18473,0.01
UDS_18485,0.6
UDS_18487,0.01
UDS_18490,0.3
UDS_18491,0.3
UDS_18492,0.0
UDS_18495,0.7
UDS_18497,0.0
UDS_18499,0.3
UDS_18502,0.2
UDS_18516,0.01
UDS_18524,0.3
UDS_18529,0.0
UDS_18532,0.2
UDS_18535,0.2
UDS_18538,0.1
UDS_18539,0.0
UDS_18542,0.1
UDS_18545,0.1
UDS_18546,0.2
UDS_18552,0.0
UDS_18554,0.4
UDS_18574,0.0
UDS_18579,0.6
UDS_18609,0.2
UDS_18631,0.0
UDS_18632,0.7
UDS_18638,0.01
UDS_18647,0.4
UDS_18648,0.0
UDS_18653,0.6
UDS_18655,0.7
UDS_18658,0.0
UDS_18664,0.0
UDS_18665,0.1
UDS_18672,0.5
UDS_18675,0.6
UDS_18677,0.4
UDS_18682,0.0
UDS_18686,0.01
UDS_18695,0.2
UDS_18697,0.0
UDS_18698,0.1
UDS_18707,0.01
UDS_18711,0.6
UDS_18716,0.01
UDS_18718,0.4
UDS_18721,0.5
UDS_18729,0.5
UDS_18730,0.0
UDS_18733,0.7
UDS_18737,0.0
UDS_18748,0.9
UDS_18749,0.2
UDS_18760,0.0
UDS_18766,0.0
UDS_18772,0.2
UDS_18779,0.4
UDS_18784,0.3
UDS_18788,0.5
UDS_18790,0.0
UDS_18791,0.01
UDS_18798,0.01
UDS_18801,0.0
UDS_18802,0.8
UDS_18803,0.4
UDS_18805,0.5
UDS_18808,0.0
UDS_18810,0.4
UDS_18811,0.01
UDS_18818,0.0
UDS_18833,0.2
UDS_18838,0.0
UDS_18840,0.2
UDS_18841,0.1
UDS_18849,0.3
UDS_18856,0.1
UDS_18858,0.4
UDS_18860,0.0
UDS_18872,0.1
UDS_18873,0.0
UDS_18876,0.8
UDS_18878,0.0
UDS_18893,0.3
UDS_18898,0.1
UDS_18905,0.1
UDS_18917,0.0
UDS_18922,0.3
UDS_18924,0.01
UDS_18926,0.0
UDS_18931,0.1
UDS_18932,0.01
UDS_18944,0.1
UDS_18945,0.4
UDS_19243,0.01
UDS_18946,0.8
UDS_18949,0.9
UDS_18951,0.1
UDS_18954,0.0
UDS_18962,0.0
UDS_18964,0.01
UDS_18967,0.3
UDS_18969,0.2
UDS_18974,0.5
UDS_18978,0.9
UDS_18987,0.0
UDS_18993,0.0
UDS_18994,0.01
UDS_18999,0.0
UDS_19012,0.1
UDS_19016,0.1
UDS_19036,0.2
UDS_19038,0.0
UDS_19042,0.2
UDS_19045,0.3
UDS_19054,0.4
UDS_19065,0.2
UDS_19075,0.01
UDS_19077,0.0
UDS_19079,0.5
UDS_19091,0.4
UDS_19108,0.0
UDS_19110,0.01
UDS_19113,0.4
UDS_19114,0.9
UDS_19116,0.1
UDS_19121,0.5
UDS_19125,0.4
UDS_19129,0.6
UDS_19131,0.1
UDS_19151,0.0
UDS_19162,0.2
UDS_19171,0.01
UDS_19173,0.1
UDS_19177,0.2
UDS_19183,0.6
UDS_19184,0.5
UDS_19187,0.2
UDS_19189,0.1
UDS_19190,0.0
UDS_19204,0.0
UDS_19227,0.0
UDS_19231,0.0
UDS_19244,0.3
UDS_19252,0.2
UDS_19269,0.3
UDS_19270,0.01
UDS_19282,0.8
UDS_19292,0.0
UDS_19295,0.0
UDS_19306,0.01
UDS_19312,0.0
UDS_19319,0.1
UDS_19338,0.01
UDS_19340,0.8
UDS_19345,0.1
UDS_19352,0.0
UDS_19353,0.5
UDS_19365,0.0
UDS_19370,0.7
UDS_19386,0.0
UDS_19412,0.01
UDS_19413,0.99
UDS_19431,0.0
UDS_19433,0.4
UDS_19434,0.0
UDS_19438,0.0
UDS_19442,0.3
UDS_19447,0.0
UDS_19462,0.01
UDS_19464,0.0
UDS_19467,0.01
UDS_19468,0.2
UDS_19477,0.3
UDS_19479,0.5
UDS_19480,0.01
UDS_19491,0.9
UDS_19501,0.0
UDS_19505,0.5
UDS_19506,0.01
UDS_19507,0.0
UDS_19515,0.0
UDS_19518,0.8
UDS_19535,0.0
UDS_19543,0.01
UDS_19551,0.2
UDS_19553,0.3
UDS_19559,0.4
UDS_19570,0.01
UDS_19580,0.7
UDS_19585,0.1
UDS_19598,0.9
UDS_19601,0.3
UDS_19602,0.2
UDS_19607,0.2
UDS_19608,0.0
UDS_19609,0.0
UDS_19613,0.01
UDS_19626,0.0
UDS_19634,0.2
UDS_19646,0.3
UDS_19666,0.0
UDS_19677,0.0
UDS_19710,0.0
UDS_19731,0.0
UDS_19735,0.1
UDS_19739,0.5
UDS_19743,0.1
UDS_19759,0.0
UDS_19767,0.1
UDS_19768,0.2
UDS_19776,0.1
UDS_19784,0.0
UDS_19786,0.7
UDS_19789,0.5
UDS_19796,0.2
UDS_19799,0.3
UDS_19800,0.7
UDS_19817,0.9
UDS_19836,0.0
UDS_19837,0.2
UDS_19848,0.3
UDS_19860,0.0
UDS_19868,0.01
UDS_19882,0.4
UDS_19904,0.2
UDS_19934,0.0
UDS_19937,0.0
UDS_19938,0.0
UDS_19951,0.0
UDS_19952,0.0
UDS_19964,0.2
UDS_19995,0.2
UDS_20003,0.0
UDS_20024,0.6
UDS_20029,0.3
UDS_20034,0.0
UDS_20053,0.0
UDS_20069,0.7
UDS_20088,0.01
UDS_20107,0.2
UDS_20110,0.5
UDS_20184,0.8
UDS_20248,0.01
UDS_20249,0.3
UDS_20256,0.0
UDS_20276,0.0
UDS_20305,0.0
UDS_20356,0.4
UDS_20388,0.0
UDS_20403,0.01
UDS_20420,0.0
UDS_20436,0.1
UDS_20441,0.6
UDS_20447,0.2
UDS_20473,0.0
UDS_20480,0.0
UDS_20489,0.1
UDS_20491,0.0
UDS_20515,0.2
UDS_20547,0.2
UDS_20593,0.0
UDS_20602,0.1
UDS_20625,0.5
UDS_20660,0.1
UDS_20721,0.4
UDS_20725,0.0
UDS_20845,0.01
UDS_20847,0.0
UDS_20851,0.0
UDS_20869,0.0
UDS_20873,0.6
UDS_20884,0.2
UDS_20902,0.0
UDS_20921,0.2
UDS_20944,0.4
UDS_20946,0.0
UDS_20952,0.0
UDS_20966,0.2
UDS_20968,0.0
UDS_21020,0.0
UDS_21024,0.3
UDS_21069,0.8
UDS_21071,0.0
UDS_21078,0.1
UDS_21083,0.0
UDS_21086,0.3
UDS_21099,0.0
UDS_21108,0.0
UDS_21110,0.9
UDS_21115,0.0
UDS_21125,0.0
UDS_21132,0.1
UDS_21136,0.3
UDS_21149,0.1
UDS_21175,0.1
UDS_21189,0.7
UDS_21198,0.0
UDS_21203,0.0
UDS_21222,0.1
UDS_21233,0.1
UDS_21241,0.3
UDS_21249,0.0
UDS_21276,0.3
UDS_21277,0.2
UDS_21279,0.1
UDS_21288,0.0
UDS_21299,0.1
UDS_21301,0.6
UDS_21313,0.3
UDS_21318,0.2
UDS_21321,0.0
UDS_21324,0.1
UDS_21330,0.01
UDS_21337,0.5
UDS_21357,0.01
UDS_21362,0.01
UDS_21368,0.0
UDS_21373,0.3
UDS_21382,0.0
UDS_21388,0.2
UDS_21397,0.0
UDS_21404,0.4
UDS_21423,0.0
UDS_21425,0.0
UDS_21426,0.0
UDS_21427,0.1
UDS_21428,0.0
UDS_21459,0.0
UDS_21460,0.9
UDS_21462,0.0
UDS_21463,0.7
UDS_21467,0.2
UDS_21484,0.0
UDS_21489,0.0
UDS_21491,0.1
UDS_21493,0.3
UDS_21495,0.5
UDS_21509,0.2
UDS_21510,0.0
UDS_21514,0.4
UDS_21517,0.0
UDS_21553,0.0
UDS_21557,0.1
UDS_21558,0.2
UDS_21564,0.0
UDS_21568,0.0
UDS_21579,0.0
UDS_21585,0.1
UDS_21589,0.7
UDS_21605,0.01
UDS_21596,0.0
UDS_21597,0.01
UDS_21604,0.0
UDS_21612,0.0
UDS_21621,0.0
UDS_21628,0.0
UDS_21644,0.0
UDS_21657,0.1
UDS_21676,0.1
UDS_21685,0.3
UDS_21699,0.2
UDS_21700,0.0
UDS_21710,0.0
UDS_21720,0.3
UDS_21740,0.0
UDS_21761,0.0
UDS_21762,0.7
UDS_21765,0.1
UDS_21767,0.01
UDS_21805,0.9
UDS_21812,0.0
UDS_21824,0.0
UDS_21829,0.0
UDS_21832,0.0
UDS_21837,0.1
UDS_21838,0.3
UDS_21845,0.2
UDS_21849,0.6
UDS_21861,0.01
UDS_21886,0.0
UDS_21893,0.0
UDS_21896,0.2
UDS_21900,0.3
UDS_21905,0.01
UDS_21911,0.6
UDS_21913,0.9
UDS_21928,0.0
UDS_21929,0.4
UDS_21931,0.8
UDS_21935,0.0
UDS_21944,0.2
UDS_21954,0.0
UDS_21956,0.0
UDS_21958,0.1
UDS_21972,0.0
UDS_21982,0.4
UDS_21985,0.1
UDS_21990,0.4
UDS_21996,0.3
UDS_22007,0.2
UDS_22011,0.0
UDS_22021,0.01
UDS_22022,0.3
UDS_22025,0.1
UDS_22030,0.0
UDS_22031,0.4
UDS_22032,0.0
UDS_22036,0.0
UDS_22044,0.1
UDS_22049,0.4
UDS_22054,0.0
UDS_22059,0.0
UDS_22066,0.0
