,alpha,completeness
0,10,0.01171875
1,20,0.015625
2,30,0.022135416666666668
3,40,0.028645833333333332
4,50,0.04296875
5,60,0.0625
6,70,0.07552083333333333
7,80,0.09635416666666667
8,90,0.11458333333333333
9,100,0.13411458333333334
