,alpha,completeness
0,10,0.0703125
1,20,0.06770833333333333
2,30,0.059895833333333336
3,40,0.05078125
4,50,0.044270833333333336
5,60,0.03515625
6,70,0.029947916666666668
7,80,0.026041666666666668
8,90,0.022135416666666668
9,100,0.022135416666666668
