ID,UV,VJ,GalaxyType
13592,1.7204905292257529,1.448844347470903,2.0
15181,1.2463617477066506,1.3836547849066,2.0
26789,0.8356469105626765,0.4279717241780112,1.0
