id,zpk,uv,vj
13592,1.0709,1.6627849907889178,1.2574985154116405
15181,1.9892,1.032395932460343,1.423366837591768
26789,0.5144,0.7780407282446333,0.36760051905447355
