,alpha,completeness
0,0,0.2578125
1,10,0.53125
2,20,0.65625
3,30,0.7265625
4,40,0.78125
5,50,0.8125
6,60,0.859375
7,70,0.9765625
8,80,1.0
9,90,1.0
10,100,1.0
