,alpha,completeness
0,0,0.01020408163265306
1,10,0.009523809523809525
2,20,0.009523809523809525
3,30,0.009523809523809525
4,40,0.009523809523809525
5,50,0.009523809523809525
6,60,0.009523809523809525
7,70,0.009523809523809525
8,80,0.009523809523809525
9,90,0.008843537414965987
10,100,0.00816326530612245
