,alpha,completeness
0,0,0.007503410641200546
1,10,0.007503410641200546
2,20,0.009549795361527967
3,30,0.015006821282401092
4,40,0.027285129604365622
5,50,0.042974079126875855
6,60,0.059345156889495224
7,70,0.07366984993178717
8,80,0.082537517053206
9,90,0.08799454297407913
10,100,0.09618008185538882
