,alpha,completeness
0,0,0.2578125
1,10,0.28125
2,20,0.265625
3,30,0.234375
4,40,0.1953125
5,50,0.1640625
6,60,0.1328125
7,70,0.1015625
8,80,0.0859375
9,90,0.0625
10,100,0.0625
