,AGN Contribution (%),Completeness (%)
0,0,67.81609195402298
10,10,63.2183908045977
20,20,58.620689655172406
30,30,54.02298850574713
40,40,49.808429118773944
50,50,45.593869731800766
60,60,40.229885057471265
70,70,33.33333333333333
80,80,27.586206896551722
90,90,21.455938697318008
100,100,18.007662835249043
