,AGN Contribution (%),Completeness (%)
0,0,66.41509433962264
10,10,66.41509433962264
20,20,66.41509433962264
30,30,66.41509433962264
40,40,66.41509433962264
50,50,66.41509433962264
60,60,66.41509433962264
70,70,66.41509433962264
80,80,66.41509433962264
90,90,66.41509433962264
100,100,66.41509433962264
