,AGN Contribution (%),Completeness (%)
0,0,59.6401028277635
10,10,59.6401028277635
20,20,59.6401028277635
30,30,59.6401028277635
40,40,59.6401028277635
50,50,59.6401028277635
60,60,59.6401028277635
70,70,59.6401028277635
80,80,59.6401028277635
90,90,59.6401028277635
100,100,59.6401028277635
