,Star-forming,Quiescent,Dusty
0,0.3984375,0.53125,0.0625
10,0.40625,0.4453125,0.140625
20,0.4609375,0.359375,0.171875
30,0.5078125,0.328125,0.15625
40,0.5625,0.2734375,0.15625
50,0.5859375,0.25,0.15625
60,0.6171875,0.234375,0.140625
70,0.6328125,0.2109375,0.1484375
80,0.6484375,0.1796875,0.1640625
90,0.671875,0.171875,0.1484375
100,0.6953125,0.140625,0.15625
