,Star-forming,Quiescent,Dusty
0,0.3984375,0.53125,0.0625
10,0.3984375,0.53125,0.0625
20,0.3984375,0.5234375,0.0703125
30,0.3984375,0.5234375,0.0703125
40,0.3984375,0.5234375,0.0703125
50,0.3984375,0.5234375,0.0703125
60,0.3984375,0.5234375,0.0703125
70,0.3984375,0.5234375,0.0703125
80,0.3984375,0.5234375,0.0703125
90,0.3984375,0.5234375,0.0703125
100,0.3984375,0.5234375,0.0703125
